﻿<UpdateInfo MD5="5CF23E317B0E1E701A6439D2628C38CA">
	<UpdateLog>Dism++ 10.1.1000.70B 14:32 2018/4/22
1：解决BUG 438，Windows 10 17639无法处理wim问题。（感谢 28149**226）
2：新增Fea211,系统还原后自动纠正系统盘盘符，避免跨硬盘还原导致黑屏问题。（感谢 卡文迪许）
3：行为调整，Dism++选项卡中显示的版本号调整为UBR版本号，避免用户潜在疑惑。
4：解决青蛙插件在没安装KB2533623中的系统无法运行问题。

希望各种语言大神能为Dism++国际化支持添砖加瓦 : )

详细信息请参考更新日志</UpdateLog>
	<Tag>1181</Tag>
	<URLS>
		<URL>http://cdn.chuyu.me/files/</URL>
	</URLS>
	<FileCollection>
		<File Path="Dism++x64.exe" Exist="True" zip="true" Size="345501" MD5="EF040CF24EB8737AD899A0ACDCB41DDA" URL="http://cdn.chuyu.me/files/Dism++x64_10.1.21.2B.zip">
			<Version MD5="BD7A016436380CC29EFB5E030A223553">
				<Delta Size="140590" URL="Dism++x64.exe_10.1.1000.52~10.1.1000.70.psf" MD5="AAE0463AD152F63B5B71F84B270B79A2" Type="PA30" Base="A73D14EB34FC1E6400B0C803506EA471"/>
				<Delta Size="95764" URL="Dism++x64.exe_10.1.1000.60~10.1.1000.70.psf" MD5="1122B7B769E2D806DE1B9442203F8176" Type="PA30" Base="4BB122AF34FDBE6CCD97386015D2357E"/>
				<Delta Size="89307" URL="Dism++x64.exe_10.1.1000.61~10.1.1000.70.psf" MD5="1CA3237AB4954A1A0C5344779778F2CB" Type="PA30" Base="1045A35ECC2CBD025E7927198F8CDBFF"/>
				<Delta Size="82945" URL="Dism++x64.exe_10.1.1000.62~10.1.1000.70.psf" MD5="6F96D99E7ED3B8084DD34B3B1E2E0D15" Type="PA30" Base="B75A0884DA69B5B3292E7AD5DB53815C"/>
				<Delta Size="440368" URL="Dism++x64.exe_10.1.1000.70.cab" MD5="924516284B76577777B30439CBD75E58" Type="MSCF"/>
			</Version>
		</File>
		<File Path="Dism++x86.exe" Exist="True" zip="true" Size="257672" MD5="D784CC8E300D7D16B3D6645FD952B67A" URL="http://cdn.chuyu.me/files/Dism++x86_10.1.21.2B.zip">
			<Version MD5="3D936AFB4D2BB76BB44BC05424E2DEB2">
				<Delta Size="96251" URL="Dism++x86.exe_10.1.1000.52~10.1.1000.70.psf" MD5="4F541F18E96A77FFF549A5D8B8CF7FBC" Type="PA30" Base="CA45D3CE291BD796A7BF644F0335BE67"/>
				<Delta Size="68821" URL="Dism++x86.exe_10.1.1000.60~10.1.1000.70.psf" MD5="A1291A678E69C75EE1935FFEDCE7008B" Type="PA30" Base="33E50FAB359C85B51A92390B9AA198C4"/>
				<Delta Size="63967" URL="Dism++x86.exe_10.1.1000.61~10.1.1000.70.psf" MD5="2605ED8022B39613E0046ED6CCAE75B4" Type="PA30" Base="9280EC77C3012180E947F7B9EFD7F24A"/>
				<Delta Size="59572" URL="Dism++x86.exe_10.1.1000.62~10.1.1000.70.psf" MD5="5E4A26C32BC9EAB22A898D6DFE38740E" Type="PA30" Base="75FFD3B2DC3482FD7EECDB4381CF85E6"/>
				<Delta Size="339972" URL="Dism++x86.exe_10.1.1000.70.cab" MD5="6ED82C3D5EBB1A9A1076784E83084E91" Type="MSCF"/>
			</Version>
		</File>
		<File Path="Config\Data.zip">
			<Version MD5="46CE757DA5B09036CB65435F93BD4333">
				<Delta Size="45687" URL="Config_Data.zip_2017-10-13~2018-03-28.psf" MD5="62AEFB1E18C1368381E26377AD0B0FEA" Type="PA30" Base="9AFA6E835E3557CE283156CE2AED2114"/>
				<Delta Size="45684" URL="Config_Data.zip_2017-10-20~2018-03-28.psf" MD5="D86A1389151A560B1F3E76AAB97678B7" Type="PA30" Base="DF919E559898CEBD3083EF5327A044C1"/>
				<Delta Size="45228" URL="Config_Data.zip_2017-11-05~2018-03-28.psf" MD5="BBF66C843A3BA8C4E285A90549A56C89" Type="PA30" Base="C868AF0292D73E41704AD8FB1549BEBB"/>
				<Delta Size="45179" URL="Config_Data.zip_2017-11-13~2018-03-28.psf" MD5="784576560CC08FE924E6BBC7422FAEB1" Type="PA30" Base="38D512BEBE94561F13D7D529A9FD4CA7"/>
				<Delta Size="44842" URL="Config_Data.zip_2017-11-25~2018-03-28.psf" MD5="8B6462C17DDCCEB648E559D6C203AAA3" Type="PA30" Base="6602204640A63064879D1AE2FA45413C"/>
				<Delta Size="44419" URL="Config_Data.zip_2017-12-25~2018-03-28.psf" MD5="FC7D6F0DCCD7EB6625172AF47BFFCA62" Type="PA30" Base="289D001EDB368BBAFA6CFEA8AF1B0834"/>
				<Delta Size="37350" URL="Config_Data.zip_2017-12-27~2018-03-28.psf" MD5="F9FE30747B5C489BB6B58558ED697152" Type="PA30" Base="23C906FAAB0A2FFEE6AB5EA424F337E6"/>
				<Delta Size="36581" URL="Config_Data.zip_2018-01-31~2018-03-28.psf" MD5="CC0B1B83B48DA7A55E011B05A5721B8A" Type="PA30" Base="1E041EEEB76876FC7D35D22B6E52F91C"/>
				<Delta Size="45845" URL="Config_Data.zip_2018-03-28..zip" MD5="46CE757DA5B09036CB65435F93BD4333" Type="RAW"/>
			</Version>
		</File>
		<File Path="Config\amd64\CBSHost.dll" Exist="True" zip="true" Size="67375" MD5="C61109115A83DE72833DC356C7D764E4" URL="http://cdn.chuyu.me/files/CBSHost_amd64_10.1.21.2.zip">
			<Applicable>
				<FileExist FilePath="%0%Dism++x64.exe"/>
			</Applicable>
			<Version MD5="DC4AB873C08213336548C22A6D8DD3F0">
				<Delta Size="41067" URL="Config_amd64_CBSHost.dll_10.1.1000.10~10.1.1000.62.psf" MD5="934BBA6C962353EA72D9778DFCB31A54" Type="PA30" Base="D713AA0B16B58AAA7747882AA1C97EB6"/>
				<Delta Size="40396" URL="Config_amd64_CBSHost.dll_10.1.1000.11~10.1.1000.62.psf" MD5="001925252C3FEDD1FE2B8CC3783BA9F0" Type="PA30" Base="053D7CB8A16AE3DBC5CD7604EE9F576F"/>
				<Delta Size="40202" URL="Config_amd64_CBSHost.dll_10.1.1000.20~10.1.1000.62.psf" MD5="EB1CDD1A8A13795FD920546EB8F74C37" Type="PA30" Base="7DFAB7713A6036CB6E3E672487E20793"/>
				<Delta Size="38222" URL="Config_amd64_CBSHost.dll_10.1.1000.30~10.1.1000.62.psf" MD5="3BD9B21E96BD5AAFE40D8D977A26180E" Type="PA30" Base="41B4A7235F33ECEF47644E095A0D66B7"/>
				<Delta Size="37879" URL="Config_amd64_CBSHost.dll_10.1.1000.31~10.1.1000.62.psf" MD5="3163084B0AD888258FDB569C8C8AE30B" Type="PA30" Base="F2BFA7F3D460E18E168FFBA70EA41E6F"/>
				<Delta Size="36865" URL="Config_amd64_CBSHost.dll_10.1.1000.40~10.1.1000.62.psf" MD5="B900C3BA80703072D840F93F42472038" Type="PA30" Base="913ADF9FF9892CB6EDB5E7B1193D9812"/>
				<Delta Size="36769" URL="Config_amd64_CBSHost.dll_10.1.1000.41~10.1.1000.62.psf" MD5="5657A92D6483D85759A820B5CFEFAA99" Type="PA30" Base="4722362863CBA741EDDF578570446FE7"/>
				<Delta Size="36322" URL="Config_amd64_CBSHost.dll_10.1.1000.50~10.1.1000.62.psf" MD5="20287293978CC8651840AD927C471136" Type="PA30" Base="CBE48FE7451BAEEB8DD3BCB1CE1CCA00"/>
				<Delta Size="21813" URL="Config_amd64_CBSHost.dll_10.1.1000.52~10.1.1000.62.psf" MD5="B8473B88B709FD2311BD65374D752A8C" Type="PA30" Base="F45C4BBA9DC46DB59FCF9975A1EBA6D9"/>
				<Delta Size="4156" URL="Config_amd64_CBSHost.dll_10.1.1000.60~10.1.1000.62.psf" MD5="43EF5951874BB90FAF4B98B6D7CB5E56" Type="PA30" Base="EB5FE3789E6B09E04145A265332FC4DA"/>
				<Delta Size="69748" URL="Config_amd64_CBSHost.dll_10.1.1000.62.cab" MD5="FE7659D8B1FF4C4069CFB603E1F0F985" Type="MSCF"/>
			</Version>
		</File>
		<File Path="Config\x86\CBSHost.dll" Exist="True" zip="true" Size="55141" MD5="25A63C0086B88A6E062E50E9EC577395" URL="http://cdn.chuyu.me/files/CBSHost_x86_10.1.21.2.zip">
			<Version MD5="44C4FE5CBFE3EB17585C146EE06A45E9">
				<Delta Size="32101" URL="Config_x86_CBSHost.dll_10.1.1000.10~10.1.1000.62.psf" MD5="09F8D76DD58D0689872841D9F45615C7" Type="PA30" Base="D63BDE96F11714A364E38568FE3D258C"/>
				<Delta Size="31659" URL="Config_x86_CBSHost.dll_10.1.1000.11~10.1.1000.62.psf" MD5="921F1769C515D43473261106E5AEF4BC" Type="PA30" Base="40CE86318A897993169696D9DDDDE098"/>
				<Delta Size="31515" URL="Config_x86_CBSHost.dll_10.1.1000.20~10.1.1000.62.psf" MD5="2C75F3F421EAF877D9C4CA302984FEE0" Type="PA30" Base="8C9332E3A4F126130E474789D6529681"/>
				<Delta Size="29821" URL="Config_x86_CBSHost.dll_10.1.1000.30~10.1.1000.62.psf" MD5="5C1798319935DEA33609D270C987513E" Type="PA30" Base="210AEC2C8C19E28541DE868C55D230A8"/>
				<Delta Size="29786" URL="Config_x86_CBSHost.dll_10.1.1000.31~10.1.1000.62.psf" MD5="E31F84E91CA26DF8839BDBDD6EBEFDC0" Type="PA30" Base="7D654527173217A44B884B66E7D86187"/>
				<Delta Size="29121" URL="Config_x86_CBSHost.dll_10.1.1000.40~10.1.1000.62.psf" MD5="9A9D2F0E709B3E2A7E6179B551938A9D" Type="PA30" Base="5014160B4497BC805E7463ED1DDC1E01"/>
				<Delta Size="29206" URL="Config_x86_CBSHost.dll_10.1.1000.41~10.1.1000.62.psf" MD5="71EC8E9ABAF130CEA9DC7D7D2B8A96D1" Type="PA30" Base="E980B92CDE70B442FE61C17D5948A215"/>
				<Delta Size="28784" URL="Config_x86_CBSHost.dll_10.1.1000.50~10.1.1000.62.psf" MD5="E05FAE4CBA094281E0A4200D4AFED258" Type="PA30" Base="31346931D309E817311E60810948C61C"/>
				<Delta Size="20551" URL="Config_x86_CBSHost.dll_10.1.1000.52~10.1.1000.62.psf" MD5="32485C432AB7AAF56DC10752E5797F18" Type="PA30" Base="F5EFCF1943E2E3F7A4BADDDA8A22560F"/>
				<Delta Size="3992" URL="Config_x86_CBSHost.dll_10.1.1000.60~10.1.1000.62.psf" MD5="F3A6A2B52F858765B85A6CEB614616F8" Type="PA30" Base="423C511B1B7F33C74D6644CB3B3C8AD4"/>
				<Delta Size="58084" URL="Config_x86_CBSHost.dll_10.1.1000.62.cab" MD5="064964243C42C8A054967826614594FB" Type="MSCF"/>
			</Version>
		</File>
		<File Path="Config\default.ui.zip" Exist="True">
			<Version MD5="E4B7BEF45A8F48832BA59396509DCB76">
				<Delta Size="10253" URL="Config_default.ui.zip_2017-05-31~2017-10-12.psf" MD5="04F45FDF4DFDCA796FA7DB39E1E40C74" Type="PA30" Base="8B2A79ABB65248386E98435BD589BE6E"/>
				<Delta Size="10249" URL="Config_default.ui.zip_2017-06-25~2017-10-12.psf" MD5="9BDAF8111560BBAA29F4A1B244FAE2C6" Type="PA30" Base="E56D76FBD2A4595EE79D865DF2789F6E"/>
				<Delta Size="929" URL="Config_default.ui.zip_2017-08-13~2017-10-12.psf" MD5="4438F1D9C728942E1E2FD4125D01AD33" Type="PA30" Base="BEFD81F29375FBDAAB5A229D3DC8F16F"/>
				<Delta Size="28019" URL="Config_default.ui.zip_2017-10-12.cab" MD5="27467756252D5058D6186827FEE8DF0F" Type="MSCF"/>
			</Version>
		</File>
		<File Path="Config\Plugins\FrogPlugins_Pcn7FMvReAsVWfCQBfRJCw\Plugin.amd64.dll" Exist="True">
			<Applicable>
				<FileExist FilePath="%0%Dism++x64.exe"/>
			</Applicable>
			<Version MD5="51F3B735594F15BD26DD4024EB51A26B">
				<Delta Size="26197" URL="Config_Plugins_FrogPlugins_Pcn7FMvReAsVWfCQBfRJCw_Plugin.amd64.dll_10.1.1000.0~10.1.1000.71.psf" MD5="436E587E52C9248EDDEFEC643B8EF2DA" Type="PA30" Base="8DE00900B0C31ACED60B21B0DBF4C73B"/>
				<Delta Size="25702" URL="Config_Plugins_FrogPlugins_Pcn7FMvReAsVWfCQBfRJCw_Plugin.amd64.dll_10.1.1000.10~10.1.1000.71.psf" MD5="28DB3B701EFCC76862FDA30E56DD106F" Type="PA30" Base="E2A7B8657CF2CCD18A35A8B9470CCA16"/>
				<Delta Size="24921" URL="Config_Plugins_FrogPlugins_Pcn7FMvReAsVWfCQBfRJCw_Plugin.amd64.dll_10.1.1000.40~10.1.1000.71.psf" MD5="6D56F1E1E10A1D74DF4E53C1DA94E17C" Type="PA30" Base="B869B4549B0D87E8C21483607D1BA136"/>
				<Delta Size="15073" URL="Config_Plugins_FrogPlugins_Pcn7FMvReAsVWfCQBfRJCw_Plugin.amd64.dll_10.1.1000.52~10.1.1000.71.psf" MD5="4825954815CE98FB3608926A664EDBF5" Type="PA30" Base="D15E034495627AE34FC5DE6A5C58EACE"/>
				<Delta Size="9608" URL="Config_Plugins_FrogPlugins_Pcn7FMvReAsVWfCQBfRJCw_Plugin.amd64.dll_10.1.1000.70~10.1.1000.71.psf" MD5="895FCA8BAF7D03A53C5E79EBB1951489" Type="PA30" Base="F1DAF0600C7F1901472170C1C033CD2D"/>
				<Delta Size="33662" URL="Config_Plugins_FrogPlugins_Pcn7FMvReAsVWfCQBfRJCw_Plugin.amd64.dll_10.1.20.9~10.1.1000.71.psf" MD5="4E4CA2A4F679338C09ED96531338C555" Type="PA30" Base="9D2949CBDF3C0C4373963E5A094F847F"/>
				<Delta Size="31808" URL="Config_Plugins_FrogPlugins_Pcn7FMvReAsVWfCQBfRJCw_Plugin.amd64.dll_10.1.21.3~10.1.1000.71.psf" MD5="684EB4C6778021B34DFD119388BFFBCE" Type="PA30" Base="EFA0D7574AA69EB4D7EF61CF051EA93E"/>
				<Delta Size="28787" URL="Config_Plugins_FrogPlugins_Pcn7FMvReAsVWfCQBfRJCw_Plugin.amd64.dll_10.1.24.1~10.1.1000.71.psf" MD5="10F0627C6C17D232C5C9242849D5A99F" Type="PA30" Base="C5140E463C46629DD3C873901E4B61D9"/>
				<Delta Size="28675" URL="Config_Plugins_FrogPlugins_Pcn7FMvReAsVWfCQBfRJCw_Plugin.amd64.dll_10.1.24.2~10.1.1000.71.psf" MD5="478E5703BDA0F6DA50E9CF7F79D848F9" Type="PA30" Base="3FE0BBA3134C965778D7CDAF0D37AF3B"/>
				<Delta Size="26451" URL="Config_Plugins_FrogPlugins_Pcn7FMvReAsVWfCQBfRJCw_Plugin.amd64.dll_10.1.26.3~10.1.1000.71.psf" MD5="88CF930B3DDB63FB15EE077FD15A5627" Type="PA30" Base="47D85E6EA9194E192FA73BDE211BB485"/>
				<Delta Size="53971" URL="Config_Plugins_FrogPlugins_Pcn7FMvReAsVWfCQBfRJCw_Plugin.amd64.dll_10.1.1000.71.cab" MD5="5F6919006E7C24E4158147D3495F87D9" Type="MSCF"/>
			</Version>
		</File>
		<File Path="Config\Plugins\FrogPlugins_Pcn7FMvReAsVWfCQBfRJCw\Plugin.x86.dll">
			<Applicable>
				<Or>
					<RegExist Key="HKEY_CURRENT_USER\Software\Dism++FileRequest" Value="Plugin.x86.dll"/>
					<And>
						<FileExist FilePath="%0%Config\Plugins\FrogPlugins_Pcn7FMvReAsVWfCQBfRJCw\Plugin.x86.dll"/>
						<FileExist FilePath="%0%Dism++x86.exe"/>
					</And>
				</Or>
			</Applicable>
			<Version MD5="F19D1747C9B1AA3EC9DD12D18AF38C8E">
				<Delta Size="21510" URL="Config_Plugins_FrogPlugins_Pcn7FMvReAsVWfCQBfRJCw_Plugin.x86.dll_10.1.1000.0~10.1.1000.71.psf" MD5="2E66030A2CD90278386CE1DDEFD6AB1E" Type="PA30" Base="48CC79AE5DAB522EFE062C642858B1B0"/>
				<Delta Size="21126" URL="Config_Plugins_FrogPlugins_Pcn7FMvReAsVWfCQBfRJCw_Plugin.x86.dll_10.1.1000.10~10.1.1000.71.psf" MD5="F8F5E71CE5E5F0954CD3484A5869061F" Type="PA30" Base="594B235255B7AC0875282E454D15BD8E"/>
				<Delta Size="20528" URL="Config_Plugins_FrogPlugins_Pcn7FMvReAsVWfCQBfRJCw_Plugin.x86.dll_10.1.1000.40~10.1.1000.71.psf" MD5="19C21F299EB99220A29B7F8D3CA07520" Type="PA30" Base="31C3C550A6E9951DEED3534C7BCA8FC1"/>
				<Delta Size="13206" URL="Config_Plugins_FrogPlugins_Pcn7FMvReAsVWfCQBfRJCw_Plugin.x86.dll_10.1.1000.52~10.1.1000.71.psf" MD5="438EA127BFA90F05304105E1B9428DA6" Type="PA30" Base="1E47F1E38146991BCEC8A72BF5F3BE40"/>
				<Delta Size="9221" URL="Config_Plugins_FrogPlugins_Pcn7FMvReAsVWfCQBfRJCw_Plugin.x86.dll_10.1.1000.70~10.1.1000.71.psf" MD5="7695B76563B3D29CE134610D20A8D9F1" Type="PA30" Base="E281A79E68F150AF7850A7F9C51F51B0"/>
				<Delta Size="26260" URL="Config_Plugins_FrogPlugins_Pcn7FMvReAsVWfCQBfRJCw_Plugin.x86.dll_10.1.20.9~10.1.1000.71.psf" MD5="2ED634DB355BE0B232D6CA9C5DC86103" Type="PA30" Base="D0E1A1B29EEF7C32650E4E36D9F3C176"/>
				<Delta Size="24927" URL="Config_Plugins_FrogPlugins_Pcn7FMvReAsVWfCQBfRJCw_Plugin.x86.dll_10.1.21.3~10.1.1000.71.psf" MD5="BF06A9EACCEF242E94FA60C351814F79" Type="PA30" Base="666CBE92FDD3673D80BD901A87517472"/>
				<Delta Size="22490" URL="Config_Plugins_FrogPlugins_Pcn7FMvReAsVWfCQBfRJCw_Plugin.x86.dll_10.1.24.1~10.1.1000.71.psf" MD5="B4865556881F20BDD82E91FC96569BF7" Type="PA30" Base="04000A8F3D6104D635257E10FB33BCC6"/>
				<Delta Size="22391" URL="Config_Plugins_FrogPlugins_Pcn7FMvReAsVWfCQBfRJCw_Plugin.x86.dll_10.1.24.2~10.1.1000.71.psf" MD5="CE6109F4FB2FFC79303C1B85BCC0CA51" Type="PA30" Base="8DF0B0F67261F0708E23B5919BD3FA49"/>
				<Delta Size="21732" URL="Config_Plugins_FrogPlugins_Pcn7FMvReAsVWfCQBfRJCw_Plugin.x86.dll_10.1.26.3~10.1.1000.71.psf" MD5="5186EE87F39BAFFB5E8B2900073A7912" Type="PA30" Base="DDFBF0D53C1AE0BA991A1B521ABAB438"/>
				<Delta Size="44347" URL="Config_Plugins_FrogPlugins_Pcn7FMvReAsVWfCQBfRJCw_Plugin.x86.dll_10.1.1000.71.cab" MD5="30AE676B391FCB627CDA6D70F2281228" Type="MSCF"/>
			</Version>
		</File>
		<File Path="Config\Plugins\FrogPlugins_Pcn7FMvReAsVWfCQBfRJCw\PluginRes.dll">
			<Applicable>
				<Or>
					<FileExist FilePath="%0%Config\Plugins\FrogPlugins_Pcn7FMvReAsVWfCQBfRJCw\Plugin.amd64.dll"/>
					<FileExist FilePath="%0%Config\Plugins\FrogPlugins_Pcn7FMvReAsVWfCQBfRJCw\Plugin.x86.dll"/>
				</Or>
			</Applicable>
			<Version MD5="CAB1EBC67EE075F4844C0836B6B29D73">
				<Delta Size="202906" URL="PluginRes_10.1.10.1.cab" MD5="0B280E9D2E37F451AE9ACE08AFD42782" Type="MSCF"/>
			</Version>
		</File>
		<File Path="Config\amd64\bcdboot.exe" Exist="True">
			<Applicable>
				<FileExist FilePath="%0%Dism++x64.exe"/>
			</Applicable>
			<Version MD5="BE14BE7C8F7F0F4E397B89979CB9CF6B">
				<Delta Size="79554" URL="bcdboot_amd64_10.0.10586.0.cab" MD5="4820C3B4392E4407F8871F3DAD7520F7" Type="MSCF"/>
			</Version>
		</File>
		<File Path="Config\x86\bcdboot.exe" Exist="True">
			<Applicable>
				<FileExist FilePath="%0%Dism++x86.exe"/>
			</Applicable>
			<Version MD5="805A3ACFB09848CE0255D20F7B993313">
				<Delta Size="71476 " URL="bcdboot_x86_10.0.10586.0.cab" MD5="27289F0D4AA6AB64ADE49A503C4D5115" Type="MSCF"/>
			</Version>
		</File>
		<File Path="Config\amd64\wimgapi.dll" Exist="True">
			<Applicable>
				<FileExist FilePath="%0%Dism++x64.exe"/>
			</Applicable>
			<Version MD5="D2E162747F3F001D43A3348055A7CDD2">
				<Delta Size="170465" URL="Config_amd64_wimgapi.dll_10.0.14393.0~10.0.16299.15.psf" MD5="617B3D794EB9BD33D44C5BC50416922F" Type="PA30" Base="6927F618D61A91A85FB17685311482D3"/>
				<Delta Size="164218" URL="Config_amd64_wimgapi.dll_10.0.15021.1000~10.0.16299.15.psf" MD5="307866AC3E059E020F15EF670E81945C" Type="PA30" Base="C3529C600FB029BC2D5A547BA851897C"/>
				<Delta Size="164263" URL="Config_amd64_wimgapi.dll_10.0.15021.1001~10.0.16299.15.psf" MD5="907DA8ADB5BCFA85DA369108460C199F" Type="PA30" Base="F4EEE0E7A6997FB95999494DD685C096"/>
				<Delta Size="120240" URL="Config_amd64_wimgapi.dll_10.0.15052.1000~10.0.16299.15.psf" MD5="A27A2B30A90A696783119C99F8A7DD09" Type="PA30" Base="FFF1187CF692965A07DCAD971B4C34C3"/>
				<Delta Size="119286" URL="Config_amd64_wimgapi.dll_10.0.15063.0~10.0.16299.15.psf" MD5="D6435AAD6710B2590025EE7A3A18B255" Type="PA30" Base="E742164C5F621F26FF2EB362D2CE84B4"/>
				<Delta Size="51112" URL="Config_amd64_wimgapi.dll_10.0.16225.1000~10.0.16299.15.psf" MD5="6A22905362D51FB972243195E1929D88" Type="PA30" Base="D71C395347F794B0328B49B5268F0F83"/>
				<Delta Size="316216" URL="Config_amd64_wimgapi.dll_10.0.16299.15.cab" MD5="AB150248584320FC7635CEE8085AC63F" Type="MSCF"/>
			</Version>
		</File>
		<File Path="Config\x86\wimgapi.dll" Exist="True">
			<Applicable>
				<FileExist FilePath="%0%Dism++x86.exe"/>
			</Applicable>
			<Version MD5="EF096EA52EF88A8D544ECE9CE8191924">
				<Delta Size="138966" URL="Config_x86_wimgapi.dll_10.0.14393.0~10.0.16299.15.psf" MD5="E4F0DB8E1812BD4BE12339F4187C31E0" Type="PA30" Base="CF4B0D899A2F1A0B06B5CE65A5E69A02"/>
				<Delta Size="100649" URL="Config_x86_wimgapi.dll_10.0.15021.1000~10.0.16299.15.psf" MD5="B360CA6662C08091115A427F126F47E9" Type="PA30" Base="A3F4BA3F6964DCFE3FAFEF36846B0787"/>
				<Delta Size="100727" URL="Config_x86_wimgapi.dll_10.0.15021.1001~10.0.16299.15.psf" MD5="E49DA160CBFA13C75D405A42C2862FFE" Type="PA30" Base="D27DC69A83C3B129C5C268BE4903CDA1"/>
				<Delta Size="100603" URL="Config_x86_wimgapi.dll_10.0.15052.1000~10.0.16299.15.psf" MD5="558ADFBD2E2D7582CD15D60DCC837005" Type="PA30" Base="62D2B6099C74D3DE15C47454CEBAC7FB"/>
				<Delta Size="99732" URL="Config_x86_wimgapi.dll_10.0.15063.0~10.0.16299.15.psf" MD5="72EEF319968EF3C3B08087BA6821DF8B" Type="PA30" Base="D85F641D4AD19CCAA0761B76AA16E173"/>
				<Delta Size="43143" URL="Config_x86_wimgapi.dll_10.0.16225.1000~10.0.16299.15.psf" MD5="C106C7FFAB37E78336E0C5191CDB2820" Type="PA30" Base="DB0A029F4C66A3C3B130E73476E5FF24"/>
				<Delta Size="273612" URL="Config_x86_wimgapi.dll_10.0.16299.15.cab" MD5="9B79193F1BC04FA10D8E3BF11750C60C" Type="MSCF"/>
			</Version>
		</File>
		<File Path="Config\amd64\wofadk.sys" Exist="True">
			<Version MD5="FBA28D5AC166714737D1D8CDF0AEF078">
				<Delta Size="112225" URL="wofadk_amd64_10.0.14393.0.cab" MD5="D3A918FB9B17B2A95DE6849C3616FB52" Type="MSCF"/>
			</Version>
		</File>
		<File Path="Config\x86\wofadk.sys" Exist="True">
			<Version MD5="B58305136C4CE3508C0A3C9E48432AC9">
				<Delta Size="97413" URL="wofadk_x86_10.0.14393.0.cab" MD5="C69221C3E0F5BF3A99ECEAEDE4D9CC0F" Type="MSCF"/>
			</Version>
		</File>
		<File Path="Config\amd64\NCleaner.dll">
			<Applicable>
				<FileExist FilePath="%0%Dism++x64.exe"/>
			</Applicable>
			<Version MD5="4BCBB09946FDDD620E9DBBCE8B9E2789">
				<Delta Size="17666" URL="Config_amd64_NCleaner.dll_1.0.2.3~10.1.1000.62.psf" MD5="2E53E63C90E08BFFF11FFAE601DDDD1F" Type="PA30" Base="C201D08840872855C71E19C9F4B89A35"/>
				<Delta Size="17679" URL="Config_amd64_NCleaner.dll_1.0.2.4~10.1.1000.62.psf" MD5="6B0783DF54002F189BB194CC76A148FF" Type="PA30" Base="59C2CBD79CB24AEA93B70F30D36C5395"/>
				<Delta Size="17655" URL="Config_amd64_NCleaner.dll_1.0.2.5~10.1.1000.62.psf" MD5="9C00FD7A7F9CF6575F2483DDD1C23871" Type="PA30" Base="E7A06FB9714F4BF6447F31351E90EE9F"/>
				<Delta Size="17511" URL="Config_amd64_NCleaner.dll_1.0.2.8~10.1.1000.62.psf" MD5="14FF497C4B39E89B4B7812D8480E1596" Type="PA30" Base="0E55C6BA91F66EE4109C6FCAF7E86621"/>
				<Delta Size="11146" URL="Config_amd64_NCleaner.dll_1.0.3.10~10.1.1000.62.psf" MD5="EC1DE7ED6231E8AC80437B6407454033" Type="PA30" Base="A6170B1846B6B5B72CC825A814435A45"/>
				<Delta Size="16728" URL="Config_amd64_NCleaner.dll_1.0.3.4~10.1.1000.62.psf" MD5="6966DD0B2A30295A97A879F3BBEBF3B8" Type="PA30" Base="1750234D8F7D97CB043A3FFB49270B22"/>
				<Delta Size="15473" URL="Config_amd64_NCleaner.dll_1.0.3.6~10.1.1000.62.psf" MD5="666A6A893CC41992450EBE2C56719DCF" Type="PA30" Base="4D7AF069E8722FF400D9FA99EC643D46"/>
				<Delta Size="14987" URL="Config_amd64_NCleaner.dll_1.0.3.8~10.1.1000.62.psf" MD5="47B66B586ABA93F024EE6674D73B31F6" Type="PA30" Base="F7FFAE87600749ADA339F55F25B4709B"/>
				<Delta Size="20463" URL="Config_amd64_NCleaner.dll_10.1.1000.62.cab" MD5="25D016122D550BF800DFA2777EED72DB" Type="MSCF"/>
			</Version>
		</File>
		<File Path="Config\x86\NCleaner.dll">
			<Applicable>
				<FileExist FilePath="%0%Dism++x86.exe"/>
			</Applicable>
			<Version MD5="9472E7096FDB6BE99C98D05D985C49B7">
				<Delta Size="15139" URL="Config_x86_NCleaner.dll_1.0.2.3~10.1.1000.62.psf" MD5="30D932B14AFAC6C8067E17795819275D" Type="PA30" Base="2879965DE72849D1F2780D3C4A2CCF8F"/>
				<Delta Size="15107" URL="Config_x86_NCleaner.dll_1.0.2.4~10.1.1000.62.psf" MD5="89B1951B79513DAEC23BF1CAADA191A3" Type="PA30" Base="10682298BD9097A53E3008D95D0CECB6"/>
				<Delta Size="15098" URL="Config_x86_NCleaner.dll_1.0.2.5~10.1.1000.62.psf" MD5="3A1DCB7484EB6FF194013A8271795FA3" Type="PA30" Base="F632AE3B9BFF565C85F542ABBF25C403"/>
				<Delta Size="14965" URL="Config_x86_NCleaner.dll_1.0.2.8~10.1.1000.62.psf" MD5="9495D3A5C656304F0977DD0349EE111C" Type="PA30" Base="34E270C582DD82110BBF64B68A4A8897"/>
				<Delta Size="8860" URL="Config_x86_NCleaner.dll_1.0.3.10~10.1.1000.62.psf" MD5="4E5C28102F23AFE441306D2E6065C8B0" Type="PA30" Base="96BD0C209F60F0B54AD6B96A395E7EEE"/>
				<Delta Size="14243" URL="Config_x86_NCleaner.dll_1.0.3.4~10.1.1000.62.psf" MD5="96B29FFFE7D455000F4B4F2B83337BCC" Type="PA30" Base="450ADA8B08A92B01DB16B5901D2D1DDA"/>
				<Delta Size="13072" URL="Config_x86_NCleaner.dll_1.0.3.6~10.1.1000.62.psf" MD5="574B8EC7335A19EC65DD082AA350A7C8" Type="PA30" Base="7DE371005465B905D153BEC9527E8700"/>
				<Delta Size="12682" URL="Config_x86_NCleaner.dll_1.0.3.8~10.1.1000.62.psf" MD5="4222B74F156A3D6462A68D8CE32EABB8" Type="PA30" Base="C8EE21CE43E33EAC904EB9E36ECBBE95"/>
				<Delta Size="18079" URL="Config_x86_NCleaner.dll_10.1.1000.62.cab" MD5="461BD26DCC72DBB0A7E1422B929DCFF2" Type="MSCF"/>
			</Version>
		</File>
	</FileCollection>
	<Languages>
		<en Path="Config\Languages\en.zip">
			<Version MD5="D491B62E3B87377276FE5D74E7E41A94">
				<Delta Size="37545" URL="Config_Languages_en.zip_2017-08-13~2018-03-28.psf" MD5="DE2B1F0649F63B54DD39ECFA441EB475" Type="PA30" Base="671218D8C3A6F37EDBE0D83F2EB7AD22"/>
				<Delta Size="37322" URL="Config_Languages_en.zip_2017-08-20~2018-03-28.psf" MD5="8E9E3842CCAC5A866A29DDCC6BF8AD1A" Type="PA30" Base="EE520AC68364B9BD09D8621B76766F16"/>
				<Delta Size="36789" URL="Config_Languages_en.zip_2017-08-26~2018-03-28.psf" MD5="C3EF7FBEBD34305481ECE07FA1647CF9" Type="PA30" Base="62C4641DB14F963BA61FFA6E7F7F1243"/>
				<Delta Size="36872" URL="Config_Languages_en.zip_2017-08-28~2018-03-28.psf" MD5="8E104DFBF4903093A2A791F1DA7CA04F" Type="PA30" Base="F6DE3BF2B695EBCC340C79E4D3A2AD73"/>
				<Delta Size="36326" URL="Config_Languages_en.zip_2017-09-26~2018-03-28.psf" MD5="9F45C54092568598D00542DE017D132A" Type="PA30" Base="D486999CFF3D3280836CBAF68687FD1A"/>
				<Delta Size="32425" URL="Config_Languages_en.zip_2017-10-15~2018-03-28.psf" MD5="E22C48A2713D2C0FE834378BC7E7DDFC" Type="PA30" Base="45F659F55A33422BF825C647CE327B5A"/>
				<Delta Size="33145" URL="Config_Languages_en.zip_2017-10-20~2018-03-28.psf" MD5="C48FBAFA0CFB501CA0C98FE4D964C73A" Type="PA30" Base="DA529EAB70696FF6DE97B5ADA772C8B3"/>
				<Delta Size="19976" URL="Config_Languages_en.zip_2017-12-25~2018-03-28.psf" MD5="4872926FB57BFA342C0F0C214492BCAC" Type="PA30" Base="CB983581F7B5D70798FE8321ED74C9DA"/>
				<Delta Size="37418" URL="Config_Languages_en.zip_2018-03-28..zip" MD5="D491B62E3B87377276FE5D74E7E41A94" Type="RAW"/>
			</Version>
		</en>
		<bg Path="Config\Languages\bg.zip">
			<Version MD5="CB3A915755FF3DE54CAF1A2CD29CA585">
				<Delta Size="42991" URL="Config_Languages_bg.zip_2017-08-13~2018-03-28.psf" MD5="34F021DB7C9132B7F72C3B9AF4F23BCF" Type="PA30" Base="77B76A62B21718919B0B24515A2D24F0"/>
				<Delta Size="42631" URL="Config_Languages_bg.zip_2017-08-20~2018-03-28.psf" MD5="BD2C705A4DE497A1F61123D932B62DE6" Type="PA30" Base="EA96A1287227B5A787C3C9F498154869"/>
				<Delta Size="42493" URL="Config_Languages_bg.zip_2017-08-26~2018-03-28.psf" MD5="298226681A05B3645DD2D39F9E03903B" Type="PA30" Base="B511F0ADFE9F350A18284F3E5413F167"/>
				<Delta Size="42499" URL="Config_Languages_bg.zip_2017-08-28~2018-03-28.psf" MD5="4B4D6321BB492806E0C6581964AD5A78" Type="PA30" Base="EE60BCEA190C90ED66ADE6A11E69A09F"/>
				<Delta Size="42656" URL="Config_Languages_bg.zip_2017-09-26~2018-03-28.psf" MD5="DCB59055CFF6C265611E8BFEE43367E0" Type="PA30" Base="269A050D27E7E79AE9E2DC02C1817C26"/>
				<Delta Size="42749" URL="Config_Languages_bg.zip_2017-10-15~2018-03-28.psf" MD5="87F9A2D63D435D46217A833BA6CCE067" Type="PA30" Base="AB714C891BF700CC2C469E72B9C392F1"/>
				<Delta Size="42748" URL="Config_Languages_bg.zip_2017-10-20~2018-03-28.psf" MD5="473D8DD2C7079ECBC119E4199C658332" Type="PA30" Base="2371BB60A2BD000342CD988354C5FA72"/>
				<Delta Size="42209" URL="Config_Languages_bg.zip_2017-12-25~2018-03-28.psf" MD5="39514BD2772D1F57EBEDFDE5F84CBDA6" Type="PA30" Base="452653DD2AE20038D8004CAD8BD775F2"/>
				<Delta Size="42795" URL="Config_Languages_bg.zip_2018-03-28..zip" MD5="CB3A915755FF3DE54CAF1A2CD29CA585" Type="RAW"/>
			</Version>
		</bg>
		<cs Path="Config\Languages\cs.zip">
			<Version MD5="DBB53BBD7825C761D2E7BD9942A6187D">
				<Delta Size="40142" URL="Config_Languages_cs.zip_2017-08-13~2018-03-28.psf" MD5="FA824DDBE4B1C8555D9ED78ABE6F9EE3" Type="PA30" Base="552C0F56D09B78F0829A3FE06FD605D1"/>
				<Delta Size="39310" URL="Config_Languages_cs.zip_2017-08-20~2018-03-28.psf" MD5="C5E532C59AE676D56473B6597544546A" Type="PA30" Base="8282A24D4D7472517A917B01E5DD01B4"/>
				<Delta Size="38868" URL="Config_Languages_cs.zip_2017-08-26~2018-03-28.psf" MD5="5C1362C7D93E4B0E1C949375F252B2B3" Type="PA30" Base="00A1F778EC70903F452DB2A6F96E44BA"/>
				<Delta Size="38882" URL="Config_Languages_cs.zip_2017-08-28~2018-03-28.psf" MD5="087A98C2C56010D7230480B90E1FAE91" Type="PA30" Base="1A2633C811032697E5986B95AB3C29CF"/>
				<Delta Size="39547" URL="Config_Languages_cs.zip_2017-09-26~2018-03-28.psf" MD5="A0BFE76DEDADF5C582401C8F519014A6" Type="PA30" Base="7FC35AA0ACCBCDABEF255B5F34806E79"/>
				<Delta Size="39037" URL="Config_Languages_cs.zip_2017-10-15~2018-03-28.psf" MD5="DF03B509C1C6ECDF69AA26CA8F4710D3" Type="PA30" Base="C4D5C89FBEE020859AB4879CAA87CAA7"/>
				<Delta Size="37953" URL="Config_Languages_cs.zip_2017-10-20~2018-03-28.psf" MD5="9F4625BF152923AA93A0423D3612970A" Type="PA30" Base="778CCFA6283758DDA9766F36377B1092"/>
				<Delta Size="37449" URL="Config_Languages_cs.zip_2017-12-25~2018-03-28.psf" MD5="3716CD066A159AFD36D7C63BB59A7784" Type="PA30" Base="5B9C8999771DEA9879C3BBB867187980"/>
				<Delta Size="40031" URL="Config_Languages_cs.zip_2018-03-28..zip" MD5="DBB53BBD7825C761D2E7BD9942A6187D" Type="RAW"/>
			</Version>
		</cs>
		<de Path="Config\Languages\de.zip">
			<Version MD5="D36A3D6393B539612B95DD64F28EAE08">
				<Delta Size="39903" URL="Config_Languages_de.zip_2017-08-13~2018-03-28.psf" MD5="CDB32D6BB205861BF803FEA1FEBD2976" Type="PA30" Base="8F987A6E1B09A02C6ECFA4D4817AD170"/>
				<Delta Size="39166" URL="Config_Languages_de.zip_2017-08-20~2018-03-28.psf" MD5="11B3AF94D8BAB058226B9E948061EA7D" Type="PA30" Base="19E34E4F0B267867699E1152F7E50BD1"/>
				<Delta Size="39325" URL="Config_Languages_de.zip_2017-08-26~2018-03-28.psf" MD5="494AA5AA8026C248E507E64599E1A302" Type="PA30" Base="BE439A19DD3928FCFF552525D42727B6"/>
				<Delta Size="38771" URL="Config_Languages_de.zip_2017-08-28~2018-03-28.psf" MD5="5E50F1E712F5240D3E0B5C55084333DE" Type="PA30" Base="B65E2B216CB83073CCAA7F9922CC2C5F"/>
				<Delta Size="38793" URL="Config_Languages_de.zip_2017-09-26~2018-03-28.psf" MD5="545B6DD88947DD64DC2C6FBB202E2DB7" Type="PA30" Base="63DE2FE09BA4EA9848D7BE9807980BA4"/>
				<Delta Size="38932" URL="Config_Languages_de.zip_2017-10-15~2018-03-28.psf" MD5="01463A2568F641B21981F987E0969BC0" Type="PA30" Base="F7503411ABD62F1A3AC646CB77E7D8EF"/>
				<Delta Size="36763" URL="Config_Languages_de.zip_2017-10-20~2018-03-28.psf" MD5="69F32CCC6ECD93CB0FDA70B2486401DE" Type="PA30" Base="1D6E2553CA669F26CBF8FB5432CDA5FE"/>
				<Delta Size="21542" URL="Config_Languages_de.zip_2017-12-25~2018-03-28.psf" MD5="C02BEB584FCBDAFD6D3674B0BEDB5890" Type="PA30" Base="9046F83FDE63B3AE67F6D781DAC0B33E"/>
				<Delta Size="39781" URL="Config_Languages_de.zip_2018-03-28..zip" MD5="D36A3D6393B539612B95DD64F28EAE08" Type="RAW"/>
			</Version>
		</de>
		<es Path="Config\Languages\es.zip">
			<Version MD5="2F180E99B43D1F629723D941F419D75D">
				<Delta Size="38178" URL="Config_Languages_es.zip_2017-08-13~2018-03-28.psf" MD5="745F75048A845A20026CEE9D3FEEB84B" Type="PA30" Base="06B70D3DD2AD5B3FB268A73BD3DA6E5E"/>
				<Delta Size="38036" URL="Config_Languages_es.zip_2017-08-20~2018-03-28.psf" MD5="6A26A3227C6D8C88820E1399B973507C" Type="PA30" Base="349DD300A090A2C25AFFA5FFF2F2B6AF"/>
				<Delta Size="38016" URL="Config_Languages_es.zip_2017-08-26~2018-03-28.psf" MD5="7D0705E6FDB52E7EB1602C384C16BF0E" Type="PA30" Base="68FF732CB55BB651EA099FF76329962C"/>
				<Delta Size="37910" URL="Config_Languages_es.zip_2017-08-28~2018-03-28.psf" MD5="D760E51661DE849ABBF029C59AE8796D" Type="PA30" Base="4F109D77914FEC5A8E67BE05A5E0AC56"/>
				<Delta Size="37896" URL="Config_Languages_es.zip_2017-09-26~2018-03-28.psf" MD5="E5E8D820060135E387166F7CB7AEBC09" Type="PA30" Base="B2769046AF93E392A3E5A8DF3A5E9A74"/>
				<Delta Size="37100" URL="Config_Languages_es.zip_2017-10-15~2018-03-28.psf" MD5="405A3A52B609DEB91D04E62A44E1FBA3" Type="PA30" Base="2276673C838D0484FBB9A8C3FD88E175"/>
				<Delta Size="37142" URL="Config_Languages_es.zip_2017-11-05~2018-03-28.psf" MD5="8C302FA6E732E70CE5F0A15415DF0CCD" Type="PA30" Base="ADEF70151E10A6BE6E37CFC8773DD02D"/>
				<Delta Size="36133" URL="Config_Languages_es.zip_2017-12-25~2018-03-28.psf" MD5="95EC08DCA9436DC2BF539BC08DC1D089" Type="PA30" Base="52137B4FE70A70005A4697E7C05B088B"/>
				<Delta Size="38023" URL="Config_Languages_es.zip_2018-03-28..zip" MD5="2F180E99B43D1F629723D941F419D75D" Type="RAW"/>
			</Version>
		</es>
		<fr Path="Config\Languages\fr.zip">
			<Version MD5="BFE6C40797A9D5133E5003D3AEF12C20">
				<Delta Size="40661" URL="Config_Languages_fr.zip_2017-08-13~2017-12-25.psf" MD5="9CF342EADF721ABD710DED5EB5B6BBA8" Type="PA30" Base="17A3593597A38CB54BB282D922EE4D2A"/>
				<Delta Size="41022" URL="Config_Languages_fr.zip_2017-08-20~2017-12-25.psf" MD5="F2B2FE21C3EC3BA831DF84A6D290BBD0" Type="PA30" Base="2D939CD947A6C342A48BA8B5F46F81D3"/>
				<Delta Size="40726" URL="Config_Languages_fr.zip_2017-08-26~2017-12-25.psf" MD5="156E8F4B42E7A9A2943DE8F4CA4685A1" Type="PA30" Base="223C093D932505A96ECE6230FF5E2CAF"/>
				<Delta Size="39856" URL="Config_Languages_fr.zip_2017-08-28~2017-12-25.psf" MD5="DAAC67365AC8A8110ABF5B345E5A8F4E" Type="PA30" Base="3591C718CD68D6EB89B63211AE1C7CE9"/>
				<Delta Size="39777" URL="Config_Languages_fr.zip_2017-09-26~2017-12-25.psf" MD5="A2334FA4D94C16F4B096878B180DBEE7" Type="PA30" Base="31664F57AA61ABC2300A6FCDF8166203"/>
				<Delta Size="40395" URL="Config_Languages_fr.zip_2017-10-15~2017-12-25.psf" MD5="111F15ACDA98A8EB944554405383F6A7" Type="PA30" Base="B3476D25F95C8DD082E64AB77D633F48"/>
				<Delta Size="40354" URL="Config_Languages_fr.zip_2017-10-20~2017-12-25.psf" MD5="1C907C99F1533310A72E0EC6B387C0B9" Type="PA30" Base="6F8677AD9EA8026067AD353822546C8D"/>
				<Delta Size="40862" URL="Config_Languages_fr.zip_2017-12-25..zip" MD5="BFE6C40797A9D5133E5003D3AEF12C20" Type="RAW"/>
			</Version>
		</fr>
		<it Path="Config\Languages\it.zip">
			<Version MD5="308630D184B7C80BF8368E6E1065E499">
				<Delta Size="38834" URL="Config_Languages_it.zip_2017-08-13~2017-12-25.psf" MD5="0C5A48310D3FC9739F233F4746A30FA7" Type="PA30" Base="DB7ED28C31C3683A20F3B2EC2DD8C1FF"/>
				<Delta Size="38311" URL="Config_Languages_it.zip_2017-08-20~2017-12-25.psf" MD5="7C6CDB0CD4EDDB20D562109375610105" Type="PA30" Base="E23745C5DB0419FC333CB5288ABE8E7B"/>
				<Delta Size="37711" URL="Config_Languages_it.zip_2017-08-26~2017-12-25.psf" MD5="39DE1F68282520CD40D1CCE9675C2F75" Type="PA30" Base="AD263B5F969E4605F35C8793C08768B5"/>
				<Delta Size="37947" URL="Config_Languages_it.zip_2017-08-28~2017-12-25.psf" MD5="1509BF0B73809B16A82DBD7EE4414355" Type="PA30" Base="62EA20EFB557CC43EC6C01F9C253BD24"/>
				<Delta Size="29191" URL="Config_Languages_it.zip_2017-09-26~2017-12-25.psf" MD5="C7523347F7242A6E8C2DDB46F91AC56C" Type="PA30" Base="911FA03719E408367AE175B7B5F01AC5"/>
				<Delta Size="28762" URL="Config_Languages_it.zip_2017-10-15~2017-12-25.psf" MD5="EC1E749186CD02F70FC83055AF1B713E" Type="PA30" Base="E9EC14F0E78C988436C7C33B118E9A82"/>
				<Delta Size="24824" URL="Config_Languages_it.zip_2017-10-20~2017-12-25.psf" MD5="38CFF39F79E616485D801A4FC8963CEC" Type="PA30" Base="331BF408E20219C055C9709705E38B08"/>
				<Delta Size="38717" URL="Config_Languages_it.zip_2017-12-25..zip" MD5="308630D184B7C80BF8368E6E1065E499" Type="RAW"/>
			</Version>
		</it>
		<ja Path="Config\Languages\ja.zip">
			<Version MD5="DB16F0BA98167D6768CA490CC118599C">
				<Delta Size="39126" URL="Config_Languages_ja.zip_2017-08-13~2017-12-25.psf" MD5="903B02F65DF68A7CA824CED4A2390C2F" Type="PA30" Base="8FAEE9ABFB615D9461010BAA36FA36A9"/>
				<Delta Size="38356" URL="Config_Languages_ja.zip_2017-08-20~2017-12-25.psf" MD5="64A5A4B45B8E093BD970846ABB38DC22" Type="PA30" Base="CD38269F24A65CF53C17911297C6343A"/>
				<Delta Size="38048" URL="Config_Languages_ja.zip_2017-08-26~2017-12-25.psf" MD5="1B566B9D613D261207C14C9845DA6031" Type="PA30" Base="77E792A8B6D683579884006366271F3F"/>
				<Delta Size="38008" URL="Config_Languages_ja.zip_2017-08-28~2017-12-25.psf" MD5="884462A4276543EF734C15901FE075AF" Type="PA30" Base="C4B38D45AEE927FA90C24F3066156839"/>
				<Delta Size="37417" URL="Config_Languages_ja.zip_2017-09-26~2017-12-25.psf" MD5="4E578358597985E92EB4ADB4AA41B113" Type="PA30" Base="0955AEB2951AB6BF8B7B650A0E4C0D1B"/>
				<Delta Size="38237" URL="Config_Languages_ja.zip_2017-10-15~2017-12-25.psf" MD5="F5C64DDE36D5A415A842CC0C9349BE96" Type="PA30" Base="05DFF7B7A0B788C3084AE912BE92D9C6"/>
				<Delta Size="39112" URL="Config_Languages_ja.zip_2017-12-25..zip" MD5="DB16F0BA98167D6768CA490CC118599C" Type="RAW"/>
			</Version>
		</ja>
		<ko Path="Config\Languages\ko.zip">
			<Version MD5="6EDE9E92F9CFC946F7DD24EE225DEF3D">
				<Delta Size="39408" URL="Config_Languages_ko.zip_2017-08-13~2018-03-28.psf" MD5="E585978B80A6E265C286AFE321E332F6" Type="PA30" Base="2B6C08B06F65C75590858605BD161BF0"/>
				<Delta Size="39274" URL="Config_Languages_ko.zip_2017-08-20~2018-03-28.psf" MD5="92E6C709CF7F0F72D50281E1C556D327" Type="PA30" Base="314C3677A2977ECE6A6C816E632ED2E7"/>
				<Delta Size="39249" URL="Config_Languages_ko.zip_2017-08-26~2018-03-28.psf" MD5="6B0A0F2D44848E3AD2837F576198EC4E" Type="PA30" Base="59247362CD360292600D286B2ACD7831"/>
				<Delta Size="39245" URL="Config_Languages_ko.zip_2017-08-28~2018-03-28.psf" MD5="7B2EBCE8D5E9E70FB17D2FEA5E6E763F" Type="PA30" Base="6D57107523AB7EC08AB842FD1111332D"/>
				<Delta Size="38888" URL="Config_Languages_ko.zip_2017-09-26~2018-03-28.psf" MD5="F93773110B44C020E2C37617290B65D8" Type="PA30" Base="0BBCB001E2BF12ACB86CB5BA7E89A914"/>
				<Delta Size="39171" URL="Config_Languages_ko.zip_2017-10-15~2018-03-28.psf" MD5="075477623A047E0AD5F1BB1BFB7AFD3E" Type="PA30" Base="EFCD9B5B8353B1BA8BB3F3CE9E3EC3B2"/>
				<Delta Size="39038" URL="Config_Languages_ko.zip_2017-10-20~2018-03-28.psf" MD5="09771C3B437D5BCF81C9FB02A6282F65" Type="PA30" Base="9328E95E52C9CC7F5EEAD6B9BF7A9E1D"/>
				<Delta Size="39260" URL="Config_Languages_ko.zip_2017-12-25~2018-03-28.psf" MD5="E1A88DDEE43EB7767714B3384EA40A51" Type="PA30" Base="1E8234D459A81E69C82CE7980A681A08"/>
				<Delta Size="39257" URL="Config_Languages_ko.zip_2018-03-28..zip" MD5="6EDE9E92F9CFC946F7DD24EE225DEF3D" Type="RAW"/>
			</Version>
		</ko>
		<pl-pl Path="Config\Languages\pl-PL.zip">
			<Version MD5="1E8DEED737A5918721B19F6D3A533929">
				<Delta Size="39862" URL="Config_Languages_pl-PL.zip_2017-08-13~2017-12-25.psf" MD5="86C8BC0DE2C03BE4DBD17C286C56370C" Type="PA30" Base="C0524058313C6400F9231F185CF31253"/>
				<Delta Size="39744" URL="Config_Languages_pl-PL.zip_2017-08-20~2017-12-25.psf" MD5="DFEA649480D6CAB9A9BFC9347E71BD7A" Type="PA30" Base="E2F05AC8E2B83224A7C97A7298BBE64D"/>
				<Delta Size="39569" URL="Config_Languages_pl-PL.zip_2017-08-26~2017-12-25.psf" MD5="A1625DB242F5DC6D85E504500D6F1C01" Type="PA30" Base="EF693F9BBA306AC6E6C0588C9DBA0BE5"/>
				<Delta Size="39629" URL="Config_Languages_pl-PL.zip_2017-08-28~2017-12-25.psf" MD5="C92DBD6C085C276C424F7CE514D4E292" Type="PA30" Base="E718EACC962509B5113DB2B461249E55"/>
				<Delta Size="38702" URL="Config_Languages_pl-PL.zip_2017-09-26~2017-12-25.psf" MD5="A411A543C34D5AED24E53D2B584932A4" Type="PA30" Base="119885C2B5BB10689D8488732BB19D2B"/>
				<Delta Size="38518" URL="Config_Languages_pl-PL.zip_2017-10-15~2017-12-25.psf" MD5="6598EFAC9DDC4AFB96CF9D5D3B7EA983" Type="PA30" Base="8BB8D8A5DCECA1E180B1F8EEC0832D39"/>
				<Delta Size="38312" URL="Config_Languages_pl-PL.zip_2017-10-20~2017-12-25.psf" MD5="EFB8C9FDD029605F2822B4E3E5B666D4" Type="PA30" Base="E0769B8CF9DA7FEE01EB2568B760C2DC"/>
				<Delta Size="39710" URL="Config_Languages_pl-PL.zip_2017-12-25..zip" MD5="1E8DEED737A5918721B19F6D3A533929" Type="RAW"/>
			</Version>
		</pl-pl>
		<pt Path="Config\Languages\pt.zip">
			<Version MD5="C180C4D5FE3034C1F4E3F874DD5D82D4">
				<Delta Size="39596" URL="Config_Languages_pt.zip_2017-08-13~2018-03-28.psf" MD5="34C20B7DB81884C01E681D52269771FE" Type="PA30" Base="DF9A6BC576F4B8EE8CA87F1C81119C3D"/>
				<Delta Size="39681" URL="Config_Languages_pt.zip_2017-08-20~2018-03-28.psf" MD5="C607949A08AD3927E0CF783D0A6A93E5" Type="PA30" Base="381F8D808641DB171B114A85063D174B"/>
				<Delta Size="39302" URL="Config_Languages_pt.zip_2017-08-26~2018-03-28.psf" MD5="ED40BC83D197B0DA7F91C61821F37B17" Type="PA30" Base="6B43F32A99ABE922C4486C1DAF18D752"/>
				<Delta Size="39119" URL="Config_Languages_pt.zip_2017-08-28~2018-03-28.psf" MD5="6EC6C690D0C9EE2DD48750DA4A8538C6" Type="PA30" Base="879F50F29B25C54DA1E8D72CD8BBF6C9"/>
				<Delta Size="39143" URL="Config_Languages_pt.zip_2017-09-26~2018-03-28.psf" MD5="BAC1C04AE5FCD332328F05728B86F58A" Type="PA30" Base="E791DB821C74F9A94A6D73AD57D23B05"/>
				<Delta Size="38742" URL="Config_Languages_pt.zip_2017-10-15~2018-03-28.psf" MD5="13440234867F17FB0277D269757B20F0" Type="PA30" Base="428AA8393577F046A8E026BC9C80CDD3"/>
				<Delta Size="38994" URL="Config_Languages_pt.zip_2017-10-20~2018-03-28.psf" MD5="18D87FE9B13977932E58DA229E8AE688" Type="PA30" Base="BC826E1F43AC94C30202CE45C3BDBD9D"/>
				<Delta Size="9757" URL="Config_Languages_pt.zip_2017-12-25~2018-03-28.psf" MD5="4EEAA56106B08005EB02987B80CE4D89" Type="PA30" Base="06ACC533A1832A751AE08853E95A065B"/>
				<Delta Size="39506" URL="Config_Languages_pt.zip_2018-03-28..zip" MD5="C180C4D5FE3034C1F4E3F874DD5D82D4" Type="RAW"/>
			</Version>
		</pt>
		<ru Path="Config\Languages\ru.zip">
			<Version MD5="97D265CAF3E4009A739D5FE80FD677C7">
				<Delta Size="42934" URL="Config_Languages_ru.zip_2017-08-13~2018-03-28.psf" MD5="F7BD8A0C1C9BD077DC8D2808191DB389" Type="PA30" Base="0D2A700A4929CF903BB4E00B90FB04D9"/>
				<Delta Size="42590" URL="Config_Languages_ru.zip_2017-08-20~2018-03-28.psf" MD5="2FD2A7E99267E8D0F25F7CCA3D88E544" Type="PA30" Base="7F1487425714F4F0CD70A8CC8F4E8CD2"/>
				<Delta Size="41310" URL="Config_Languages_ru.zip_2017-08-26~2018-03-28.psf" MD5="5A9A369E7CA00DCC172EC6C149EC3184" Type="PA30" Base="52486C1282573A0B0362C310DCDAE8FC"/>
				<Delta Size="41621" URL="Config_Languages_ru.zip_2017-09-26~2018-03-28.psf" MD5="42E09A1BF3CD0DE5C1B81AE5EFAB0CEB" Type="PA30" Base="5EFFE56929FB30A29EFB336521CE973A"/>
				<Delta Size="42277" URL="Config_Languages_ru.zip_2017-10-15~2018-03-28.psf" MD5="8537864FDBD14D6AA390687622C5A6C3" Type="PA30" Base="4B6AC73A54CD02023A2B38F500AED7FB"/>
				<Delta Size="42148" URL="Config_Languages_ru.zip_2017-10-20~2018-03-28.psf" MD5="B8392C5C40F3D533587658855A4EACD2" Type="PA30" Base="CFD5B8331A18FD9B97283044887B4030"/>
				<Delta Size="27930" URL="Config_Languages_ru.zip_2017-12-25~2018-03-28.psf" MD5="4C72CA5D04903952FE551AF03068D7C6" Type="PA30" Base="ACB932E9AB2B04B7FC9F31772C41A7AB"/>
				<Delta Size="42794" URL="Config_Languages_ru.zip_2018-03-28..zip" MD5="97D265CAF3E4009A739D5FE80FD677C7" Type="RAW"/>
			</Version>
		</ru>
		<zh-hans Path="Config\Languages\zh-Hans.zip">
			<Version MD5="A4FA2B5A0F9BC8DA19549442AAA0D62D">
				<Delta Size="6867" URL="Config_Languages_zh-Hans.zip_2017-08-13~2018-03-28.psf" MD5="8CC9269750379A62D33D61BC2C951BFB" Type="PA30" Base="E146B81CA1D7E7A846381DADEC50E40C"/>
				<Delta Size="6852" URL="Config_Languages_zh-Hans.zip_2017-08-20~2018-03-28.psf" MD5="1E0A4561745DC1B33972BD0CEA902B73" Type="PA30" Base="2F8E54A85ECD2C906FA4E823F7F1FCC6"/>
				<Delta Size="6806" URL="Config_Languages_zh-Hans.zip_2017-08-26~2018-03-28.psf" MD5="3C21BC5E0356197E81E22764BA8930EE" Type="PA30" Base="88B0A0BAE49F813B442DD8D5EAD2AE21"/>
				<Delta Size="6844" URL="Config_Languages_zh-Hans.zip_2017-09-26~2018-03-28.psf" MD5="C2F2F8F40297D975D1FB64BB85B8781E" Type="PA30" Base="B7BAC03A508FD733ACEFFA71F5CE5293"/>
				<Delta Size="6736" URL="Config_Languages_zh-Hans.zip_2017-10-12~2018-03-28.psf" MD5="6D827F7A6AB55383E13AA165BE073695" Type="PA30" Base="534A65B921AB00D6011D85CF373F235C"/>
				<Delta Size="6861" URL="Config_Languages_zh-Hans.zip_2018-03-28..zip" MD5="A4FA2B5A0F9BC8DA19549442AAA0D62D" Type="RAW"/>
			</Version>
		</zh-hans>
		<zh-hant Path="Config\Languages\zh-Hant.zip">
			<Version MD5="66F11973DF704E79F22759E85AB934A4">
				<Delta Size="34892" URL="Config_Languages_zh-Hant.zip_2017-08-13~2018-03-28.psf" MD5="93B5C0E49A9E20381B002630B677DE2A" Type="PA30" Base="965B10B829F5796356AFD110F874DA28"/>
				<Delta Size="34195" URL="Config_Languages_zh-Hant.zip_2017-08-20~2018-03-28.psf" MD5="68A05FB1D1E69803B3CF5B11B81C3C2E" Type="PA30" Base="50880E0A8AE62ACF412D72593D2C8E6D"/>
				<Delta Size="34220" URL="Config_Languages_zh-Hant.zip_2017-08-26~2018-03-28.psf" MD5="A74768DB3915CB97FD19226A68995EEE" Type="PA30" Base="9A5A547A51E7FDCCF41FBA1E496F80FD"/>
				<Delta Size="34091" URL="Config_Languages_zh-Hant.zip_2017-08-28~2018-03-28.psf" MD5="23C526E65586CFB216613EC225393660" Type="PA30" Base="EAD8324CA9A83709CB5DA116FDC215D7"/>
				<Delta Size="33892" URL="Config_Languages_zh-Hant.zip_2017-09-26~2018-03-28.psf" MD5="47EFC15F973873E9340B1F4DF0239161" Type="PA30" Base="AC68B2BBBA028EA3B44FCFF023E67CAF"/>
				<Delta Size="33353" URL="Config_Languages_zh-Hant.zip_2017-10-15~2018-03-28.psf" MD5="73DE111DC5D658B27479771EC24C552F" Type="PA30" Base="029E80FD7EF7BDB0079474C77FB7252A"/>
				<Delta Size="33493" URL="Config_Languages_zh-Hant.zip_2017-10-20~2018-03-28.psf" MD5="819B2DFC4AD385890D659828CC46FDDD" Type="PA30" Base="09E60404F91F69FE5CE5D7DC0A280DC4"/>
				<Delta Size="32254" URL="Config_Languages_zh-Hant.zip_2017-11-05~2018-03-28.psf" MD5="FB6ED2E81A1B2B918F5741D54F61D821" Type="PA30" Base="9BC44CE384637E7510EF1E3605ED01D6"/>
				<Delta Size="33111" URL="Config_Languages_zh-Hant.zip_2017-12-25~2018-03-28.psf" MD5="508FB33495C0D5AA6F0A93046F9BD003" Type="PA30" Base="BA4F873D38597D97C5B28DDB086C7451"/>
				<Delta Size="34823" URL="Config_Languages_zh-Hant.zip_2018-03-28..zip" MD5="66F11973DF704E79F22759E85AB934A4" Type="RAW"/>
			</Version>
		</zh-hant>
	</Languages>
	<WSUS Path="Config\wsusscn2.cab">
		<Version MD5="0122167af72ed8b5c0d207ce562322e2">
			<Delta Size="2507972" URL="wsusscn2_0122167af72ed8b5c0d207ce562322e2.cab" MD5="0122167af72ed8b5c0d207ce562322e2" Type="RAW"/>
		</Version>
	</WSUS>
	<Report>
		<UpdateReport>http://web1612151818153.bj01.bdysite.com/chuyu-analysis/client_update.php</UpdateReport>
		<CrashReport>http://web1612151818153.bj01.bdysite.com/chuyu-analysis/crash_report.php</CrashReport>
		<MinReport>A000100150001</MinReport>
		<Key>ynNMAs1BjAjE8WVY+ay9xA==</Key>
	</Report>
</UpdateInfo>

