﻿<UpdateInfo MD5="9A82D7AF71737C8989EA0ACAE8DB9C08">
	<UpdateLog>Dism++ 10.1.1000.80 21:30 2018/8/20
1. 全面支持Windows 10 for ARM64。
2. 解决一些Windows Update扫描Bug（感谢 竹叶青、）。
3. 规则Bug修复（感谢 冰淇淋小子、Łukasz Kuchta、Cloud.、冰淇淋小子）。
4. 更新多国语言翻译。

Dism++本身并非开源软件，还请大家莫要再误解了。

详细信息请参考更新日志</UpdateLog>
	<Tag>1192</Tag>
	<URLS>
		<URL>http://cdn.chuyu.me/files/</URL>
	</URLS>
	<FileCollection>
		<File Path="Dism++ARM64.exe" Exist="True">
			<Version MD5="37FC221D8C08F0093B927D965667AD10">
				<Delta Size="394564" URL="Dism++ARM64.exe_10.1.1000.80.cab" MD5="1AC7256771E79574776531855E16063F" Type="MSCF"/>
			</Version>
		</File>
		<File Path="Dism++x64.exe" Exist="True" zip="true" Size="345501" MD5="EF040CF24EB8737AD899A0ACDCB41DDA" URL="http://cdn.chuyu.me/files/Dism++x64_10.1.21.2B.zip">
			<Version MD5="08DCCCD144F15DCF59C00BF659123E02">
				<Delta Size="211297" URL="Dism++x64.exe_10.1.1000.52~10.1.1000.80.psf" MD5="49ED685A8F317D602EBD2F94D31410BB" Type="PA30" Base="A73D14EB34FC1E6400B0C803506EA471"/>
				<Delta Size="207148" URL="Dism++x64.exe_10.1.1000.60~10.1.1000.80.psf" MD5="0378EA9E3F10FDF3970391D866246603" Type="PA30" Base="4BB122AF34FDBE6CCD97386015D2357E"/>
				<Delta Size="206746" URL="Dism++x64.exe_10.1.1000.61~10.1.1000.80.psf" MD5="2AE0534A1C967C91C5FD070658FAE868" Type="PA30" Base="1045A35ECC2CBD025E7927198F8CDBFF"/>
				<Delta Size="206294" URL="Dism++x64.exe_10.1.1000.62~10.1.1000.80.psf" MD5="B8634E4683EDEF45E0784EAE92851419" Type="PA30" Base="B75A0884DA69B5B3292E7AD5DB53815C"/>
				<Delta Size="204859" URL="Dism++x64.exe_10.1.1000.70~10.1.1000.80.psf" MD5="4B6D8FB0B9CC585658D29FC445CE24C5" Type="PA30" Base="BD7A016436380CC29EFB5E030A223553"/>
				<Delta Size="431742" URL="Dism++x64.exe_10.1.1000.80.cab" MD5="6E709C89B3B80535D89CCD50A98EBF5A" Type="MSCF"/>
			</Version>
		</File>
		<File Path="Dism++x86.exe" Exist="True" zip="true" Size="257672" MD5="D784CC8E300D7D16B3D6645FD952B67A" URL="http://cdn.chuyu.me/files/Dism++x86_10.1.21.2B.zip">
			<Version MD5="840C05866F1C54A21CF9A172DAC5579D">
				<Delta Size="157699" URL="Dism++x86.exe_10.1.1000.52~10.1.1000.80.psf" MD5="0FD8C133632546A77742BFC1D12184CE" Type="PA30" Base="CA45D3CE291BD796A7BF644F0335BE67"/>
				<Delta Size="155627" URL="Dism++x86.exe_10.1.1000.60~10.1.1000.80.psf" MD5="0E96AC68584785EF022208323314E605" Type="PA30" Base="33E50FAB359C85B51A92390B9AA198C4"/>
				<Delta Size="155604" URL="Dism++x86.exe_10.1.1000.61~10.1.1000.80.psf" MD5="6C89A57391B3E01136F882DD57FD9230" Type="PA30" Base="9280EC77C3012180E947F7B9EFD7F24A"/>
				<Delta Size="153663" URL="Dism++x86.exe_10.1.1000.62~10.1.1000.80.psf" MD5="69392F1F871C058807F3254827433CAC" Type="PA30" Base="75FFD3B2DC3482FD7EECDB4381CF85E6"/>
				<Delta Size="152952" URL="Dism++x86.exe_10.1.1000.70~10.1.1000.80.psf" MD5="E9114556D947F58CA63A52815C6F99E2" Type="PA30" Base="3D936AFB4D2BB76BB44BC05424E2DEB2"/>
				<Delta Size="338742" URL="Dism++x86.exe_10.1.1000.80.cab" MD5="95E24415483522AB1386F1F603EE691C" Type="MSCF"/>
			</Version>
		</File>
		<File Path="Config\Data.zip">
			<Version MD5="6B17865A8BBAF454656899403726C709">
				<Delta Size="45994" URL="Config_Data.zip_2017-10-13~2018-08-20.psf" MD5="5FDD1541CC5067F513525D8F194E7426" Type="PA30" Base="9AFA6E835E3557CE283156CE2AED2114"/>
				<Delta Size="45941" URL="Config_Data.zip_2017-10-20~2018-08-20.psf" MD5="AE1AAB80F4E9026ED632F8245C2F514F" Type="PA30" Base="DF919E559898CEBD3083EF5327A044C1"/>
				<Delta Size="45766" URL="Config_Data.zip_2017-11-05~2018-08-20.psf" MD5="B92489409C1E87067BE486D0DA047EE4" Type="PA30" Base="C868AF0292D73E41704AD8FB1549BEBB"/>
				<Delta Size="45698" URL="Config_Data.zip_2017-11-13~2018-08-20.psf" MD5="D8FC143C5DF56DB6C72605655E4813D4" Type="PA30" Base="38D512BEBE94561F13D7D529A9FD4CA7"/>
				<Delta Size="45611" URL="Config_Data.zip_2017-11-25~2018-08-20.psf" MD5="E20343B39A4B03CAE004C23BFF2F1064" Type="PA30" Base="6602204640A63064879D1AE2FA45413C"/>
				<Delta Size="45785" URL="Config_Data.zip_2017-12-25~2018-08-20.psf" MD5="B6DBB64B68D1EBC6CEAE91B95300C866" Type="PA30" Base="289D001EDB368BBAFA6CFEA8AF1B0834"/>
				<Delta Size="45617" URL="Config_Data.zip_2017-12-27~2018-08-20.psf" MD5="7FA1B4B67CDC1185B31496868ACDEECA" Type="PA30" Base="23C906FAAB0A2FFEE6AB5EA424F337E6"/>
				<Delta Size="45315" URL="Config_Data.zip_2018-01-31~2018-08-20.psf" MD5="D0DE0DD4FA55BBBAB5F7DA2E86A10E94" Type="PA30" Base="1E041EEEB76876FC7D35D22B6E52F91C"/>
				<Delta Size="45190" URL="Config_Data.zip_2018-03-28~2018-08-20.psf" MD5="6441DA0CFB2FE3AB9E8CB816FDE57637" Type="PA30" Base="46CE757DA5B09036CB65435F93BD4333"/>
				<Delta Size="44014" URL="Config_Data.zip_2018-05-31~2018-08-20.psf" MD5="010F2C17B390A9FC73E83D4E4ABCA084" Type="PA30" Base="F160FEE9BE9ECCAC89E54B726B70194D"/>
				<Delta Size="46164" URL="Config_Data.zip_2018-08-20..zip" MD5="6B17865A8BBAF454656899403726C709" Type="RAW"/>
			</Version>
		</File>
		<File Path="Config\arm64\CBSHost.dll" Exist="True">
			<Applicable>
				<FileExist FilePath="%0%Dism++ARM64.exe"/>
			</Applicable>
			<Version MD5="5AC412ED49000B274B4BA3B93C4B4054">
				<Delta Size="63120" URL="Config_arm64_CBSHost.dll_10.1.1000.80.cab" MD5="563F768F416E57C7DF150D05EF4B3D6D" Type="MSCF"/>
			</Version>
		</File>
		<File Path="Config\amd64\CBSHost.dll" Exist="True" zip="true" Size="67375" MD5="C61109115A83DE72833DC356C7D764E4" URL="http://cdn.chuyu.me/files/CBSHost_amd64_10.1.21.2.zip">
			<Applicable>
				<FileExist FilePath="%0%Dism++x64.exe"/>
			</Applicable>
			<Version MD5="63C5F6B96A5B944BD01389F0BB972A97">
				<Delta Size="30048" URL="Config_amd64_CBSHost.dll_10.1.1000.60~10.1.1000.80.psf" MD5="3CA81066CEDAC5EA43A624D370BC69A3" Type="PA30" Base="EB5FE3789E6B09E04145A265332FC4DA"/>
				<Delta Size="29938" URL="Config_amd64_CBSHost.dll_10.1.1000.62~10.1.1000.80.psf" MD5="B8D15B456B5DC01A5E6C3734DE727C87" Type="PA30" Base="DC4AB873C08213336548C22A6D8DD3F0"/>
				<Delta Size="68288" URL="Config_amd64_CBSHost.dll_10.1.1000.80.cab" MD5="36D67921FD4313841740903EB93F1F15" Type="MSCF"/>
			</Version>
		</File>
		<File Path="Config\x86\CBSHost.dll" Exist="True" zip="true" Size="55141" MD5="25A63C0086B88A6E062E50E9EC577395" URL="http://cdn.chuyu.me/files/CBSHost_x86_10.1.21.2.zip">
			<Version MD5="C5EB6FFBBD59941A04EA8FE65EAADD81">
				<Delta Size="25722" URL="Config_x86_CBSHost.dll_10.1.1000.60~10.1.1000.80.psf" MD5="7430C9550FAD88AE4DD4E2795C7CCBE4" Type="PA30" Base="423C511B1B7F33C74D6644CB3B3C8AD4"/>
				<Delta Size="25686" URL="Config_x86_CBSHost.dll_10.1.1000.62~10.1.1000.80.psf" MD5="7F6A64FBB9DBDF459FE4EFF5767CB41C" Type="PA30" Base="44C4FE5CBFE3EB17585C146EE06A45E9"/>
				<Delta Size="57628" URL="Config_x86_CBSHost.dll_10.1.1000.80.cab" MD5="EC545CB8142F776E4E3297127FE85587" Type="MSCF"/>
			</Version>
		</File>
		<File Path="Config\default.ui.zip" Exist="True">
			<Version MD5="E4B7BEF45A8F48832BA59396509DCB76">
				<Delta Size="10253" URL="Config_default.ui.zip_2017-05-31~2017-10-12.psf" MD5="04F45FDF4DFDCA796FA7DB39E1E40C74" Type="PA30" Base="8B2A79ABB65248386E98435BD589BE6E"/>
				<Delta Size="10249" URL="Config_default.ui.zip_2017-06-25~2017-10-12.psf" MD5="9BDAF8111560BBAA29F4A1B244FAE2C6" Type="PA30" Base="E56D76FBD2A4595EE79D865DF2789F6E"/>
				<Delta Size="929" URL="Config_default.ui.zip_2017-08-13~2017-10-12.psf" MD5="4438F1D9C728942E1E2FD4125D01AD33" Type="PA30" Base="BEFD81F29375FBDAAB5A229D3DC8F16F"/>
				<Delta Size="28019" URL="Config_default.ui.zip_2017-10-12.cab" MD5="27467756252D5058D6186827FEE8DF0F" Type="MSCF"/>
			</Version>
		</File>
		<File Path="Config\Plugins\FrogPlugins_Pcn7FMvReAsVWfCQBfRJCw\Plugin.arm64.dll" Exist="True">
			<Applicable>
				<FileExist FilePath="%0%Dism++ARM64.exe"/>
			</Applicable>
			<Version MD5="EC43494A7F204034B677DFCBB17B4690">
				<Delta Size="48629" URL="Config_Plugins_FrogPlugins_Pcn7FMvReAsVWfCQBfRJCw_Plugin.arm64.dll_10.1.1000.80.cab" MD5="D4A5E44BCA2EC13D3FE1657661AACAE1" Type="MSCF"/>
			</Version>
		</File>
		<File Path="Config\Plugins\FrogPlugins_Pcn7FMvReAsVWfCQBfRJCw\Plugin.amd64.dll" Exist="True">
			<Applicable>
				<FileExist FilePath="%0%Dism++x64.exe"/>
			</Applicable>
			<Version MD5="DB9E0F558CE60C5067BA356DA47E8E66">
				<Delta Size="30912" URL="Config_Plugins_FrogPlugins_Pcn7FMvReAsVWfCQBfRJCw_Plugin.amd64.dll_10.1.1000.0~10.1.1000.80.psf" MD5="425388207FC3043FAD1E1402EAB80223" Type="PA30" Base="8DE00900B0C31ACED60B21B0DBF4C73B"/>
				<Delta Size="30479" URL="Config_Plugins_FrogPlugins_Pcn7FMvReAsVWfCQBfRJCw_Plugin.amd64.dll_10.1.1000.10~10.1.1000.80.psf" MD5="49E5F423C29F529036DBC015B77156C4" Type="PA30" Base="E2A7B8657CF2CCD18A35A8B9470CCA16"/>
				<Delta Size="29732" URL="Config_Plugins_FrogPlugins_Pcn7FMvReAsVWfCQBfRJCw_Plugin.amd64.dll_10.1.1000.40~10.1.1000.80.psf" MD5="E9CF131BC72D6BBBA93CE8651FB8EF1F" Type="PA30" Base="B869B4549B0D87E8C21483607D1BA136"/>
				<Delta Size="28731" URL="Config_Plugins_FrogPlugins_Pcn7FMvReAsVWfCQBfRJCw_Plugin.amd64.dll_10.1.1000.52~10.1.1000.80.psf" MD5="EFDA09CDFF423080A377713FD69C55BD" Type="PA30" Base="D15E034495627AE34FC5DE6A5C58EACE"/>
				<Delta Size="27543" URL="Config_Plugins_FrogPlugins_Pcn7FMvReAsVWfCQBfRJCw_Plugin.amd64.dll_10.1.1000.70~10.1.1000.80.psf" MD5="3CBE478D3B737808DAF9013383947966" Type="PA30" Base="F1DAF0600C7F1901472170C1C033CD2D"/>
				<Delta Size="27277" URL="Config_Plugins_FrogPlugins_Pcn7FMvReAsVWfCQBfRJCw_Plugin.amd64.dll_10.1.1000.71~10.1.1000.80.psf" MD5="C2F313ED35EB106CB90E1F2930CFB031" Type="PA30" Base="51F3B735594F15BD26DD4024EB51A26B"/>
				<Delta Size="34959" URL="Config_Plugins_FrogPlugins_Pcn7FMvReAsVWfCQBfRJCw_Plugin.amd64.dll_10.1.20.9~10.1.1000.80.psf" MD5="7FDC2EA5E31C3269DB1B04F410E7FCB5" Type="PA30" Base="9D2949CBDF3C0C4373963E5A094F847F"/>
				<Delta Size="33448" URL="Config_Plugins_FrogPlugins_Pcn7FMvReAsVWfCQBfRJCw_Plugin.amd64.dll_10.1.21.3~10.1.1000.80.psf" MD5="F09DF5E880647C291D9078B4E5D53EC0" Type="PA30" Base="EFA0D7574AA69EB4D7EF61CF051EA93E"/>
				<Delta Size="33020" URL="Config_Plugins_FrogPlugins_Pcn7FMvReAsVWfCQBfRJCw_Plugin.amd64.dll_10.1.24.1~10.1.1000.80.psf" MD5="30F682835CDB2DF30DD81ECABB6DF8D0" Type="PA30" Base="C5140E463C46629DD3C873901E4B61D9"/>
				<Delta Size="32860" URL="Config_Plugins_FrogPlugins_Pcn7FMvReAsVWfCQBfRJCw_Plugin.amd64.dll_10.1.24.2~10.1.1000.80.psf" MD5="7F8899A3F23BD64DC9CC10D317DB674E" Type="PA30" Base="3FE0BBA3134C965778D7CDAF0D37AF3B"/>
				<Delta Size="31468" URL="Config_Plugins_FrogPlugins_Pcn7FMvReAsVWfCQBfRJCw_Plugin.amd64.dll_10.1.26.3~10.1.1000.80.psf" MD5="D9148F3BC71974F3CBD56E54ED5F413A" Type="PA30" Base="47D85E6EA9194E192FA73BDE211BB485"/>
				<Delta Size="55735" URL="Config_Plugins_FrogPlugins_Pcn7FMvReAsVWfCQBfRJCw_Plugin.amd64.dll_10.1.1000.80.cab" MD5="136168AC3C43A6A32169C1FAD1784DE3" Type="MSCF"/>
			</Version>
		</File>
		<File Path="Config\Plugins\FrogPlugins_Pcn7FMvReAsVWfCQBfRJCw\Plugin.x86.dll">
			<Applicable>
				<Or>
					<RegExist Key="HKEY_CURRENT_USER\Software\Dism++FileRequest" Value="Plugin.x86.dll"/>
					<And>
						<FileExist FilePath="%0%Config\Plugins\FrogPlugins_Pcn7FMvReAsVWfCQBfRJCw\Plugin.x86.dll"/>
						<FileExist FilePath="%0%Dism++x86.exe"/>
					</And>
				</Or>
			</Applicable>
			<Version MD5="F021DFE490A91DA00DB6BC033F8CEE7F">
				<Delta Size="25850" URL="Config_Plugins_FrogPlugins_Pcn7FMvReAsVWfCQBfRJCw_Plugin.x86.dll_10.1.1000.0~10.1.1000.80.psf" MD5="F6DFDD25B4BA9C25E523F499BE4E4271" Type="PA30" Base="48CC79AE5DAB522EFE062C642858B1B0"/>
				<Delta Size="25652" URL="Config_Plugins_FrogPlugins_Pcn7FMvReAsVWfCQBfRJCw_Plugin.x86.dll_10.1.1000.10~10.1.1000.80.psf" MD5="4323DE9D68DDC03A3E2362D9FDE1B4CD" Type="PA30" Base="594B235255B7AC0875282E454D15BD8E"/>
				<Delta Size="24772" URL="Config_Plugins_FrogPlugins_Pcn7FMvReAsVWfCQBfRJCw_Plugin.x86.dll_10.1.1000.40~10.1.1000.80.psf" MD5="72078C8CF539DF3BB949D2555B6158B8" Type="PA30" Base="31C3C550A6E9951DEED3534C7BCA8FC1"/>
				<Delta Size="25769" URL="Config_Plugins_FrogPlugins_Pcn7FMvReAsVWfCQBfRJCw_Plugin.x86.dll_10.1.1000.52~10.1.1000.80.psf" MD5="0E0AC021F4D76245BC763B55D648659D" Type="PA30" Base="1E47F1E38146991BCEC8A72BF5F3BE40"/>
				<Delta Size="24711" URL="Config_Plugins_FrogPlugins_Pcn7FMvReAsVWfCQBfRJCw_Plugin.x86.dll_10.1.1000.70~10.1.1000.80.psf" MD5="1F40016F04B53FD26F6B04244CC158E5" Type="PA30" Base="E281A79E68F150AF7850A7F9C51F51B0"/>
				<Delta Size="24474" URL="Config_Plugins_FrogPlugins_Pcn7FMvReAsVWfCQBfRJCw_Plugin.x86.dll_10.1.1000.71~10.1.1000.80.psf" MD5="0F69BB2B8CB6431F9BDEEAE9EFCACD1A" Type="PA30" Base="F19D1747C9B1AA3EC9DD12D18AF38C8E"/>
				<Delta Size="28477" URL="Config_Plugins_FrogPlugins_Pcn7FMvReAsVWfCQBfRJCw_Plugin.x86.dll_10.1.20.9~10.1.1000.80.psf" MD5="39B86F9AA5788DC0A866616A9A656C86" Type="PA30" Base="D0E1A1B29EEF7C32650E4E36D9F3C176"/>
				<Delta Size="27469" URL="Config_Plugins_FrogPlugins_Pcn7FMvReAsVWfCQBfRJCw_Plugin.x86.dll_10.1.21.3~10.1.1000.80.psf" MD5="7A102CA493D57E0099C50034CEFB7B5B" Type="PA30" Base="666CBE92FDD3673D80BD901A87517472"/>
				<Delta Size="27289" URL="Config_Plugins_FrogPlugins_Pcn7FMvReAsVWfCQBfRJCw_Plugin.x86.dll_10.1.24.1~10.1.1000.80.psf" MD5="2A153EE213E11C66BCC3CA9F3B438E4F" Type="PA30" Base="04000A8F3D6104D635257E10FB33BCC6"/>
				<Delta Size="27170" URL="Config_Plugins_FrogPlugins_Pcn7FMvReAsVWfCQBfRJCw_Plugin.x86.dll_10.1.24.2~10.1.1000.80.psf" MD5="29CA89815EA8AE76BE21B9CA1A8B868F" Type="PA30" Base="8DF0B0F67261F0708E23B5919BD3FA49"/>
				<Delta Size="26216" URL="Config_Plugins_FrogPlugins_Pcn7FMvReAsVWfCQBfRJCw_Plugin.x86.dll_10.1.26.3~10.1.1000.80.psf" MD5="A4B025E755D4E03F54FC348E3C3EF753" Type="PA30" Base="DDFBF0D53C1AE0BA991A1B521ABAB438"/>
				<Delta Size="46735" URL="Config_Plugins_FrogPlugins_Pcn7FMvReAsVWfCQBfRJCw_Plugin.x86.dll_10.1.1000.80.cab" MD5="60571E3D7FB27F7C0D79A3F40AF8650A" Type="MSCF"/>
			</Version>
		</File>
		<File Path="Config\Plugins\FrogPlugins_Pcn7FMvReAsVWfCQBfRJCw\PluginRes.dll">
			<Applicable>
				<Or>
					<FileExist FilePath="%0%Config\Plugins\FrogPlugins_Pcn7FMvReAsVWfCQBfRJCw\Plugin.amd64.dll"/>
					<FileExist FilePath="%0%Config\Plugins\FrogPlugins_Pcn7FMvReAsVWfCQBfRJCw\Plugin.x86.dll"/>
				</Or>
			</Applicable>
			<Version MD5="CAB1EBC67EE075F4844C0836B6B29D73">
				<Delta Size="202906" URL="PluginRes_10.1.10.1.cab" MD5="0B280E9D2E37F451AE9ACE08AFD42782" Type="MSCF"/>
			</Version>
		</File>
		<File Path="Config\amd64\bcdboot.exe" Exist="True">
			<Applicable>
				<FileExist FilePath="%0%Dism++x64.exe"/>
			</Applicable>
			<Version MD5="BE14BE7C8F7F0F4E397B89979CB9CF6B">
				<Delta Size="79554" URL="bcdboot_amd64_10.0.10586.0.cab" MD5="4820C3B4392E4407F8871F3DAD7520F7" Type="MSCF"/>
			</Version>
		</File>
		<File Path="Config\x86\bcdboot.exe" Exist="True">
			<Applicable>
				<FileExist FilePath="%0%Dism++x86.exe"/>
			</Applicable>
			<Version MD5="805A3ACFB09848CE0255D20F7B993313">
				<Delta Size="71476 " URL="bcdboot_x86_10.0.10586.0.cab" MD5="27289F0D4AA6AB64ADE49A503C4D5115" Type="MSCF"/>
			</Version>
		</File>
		<File Path="Config\amd64\wimgapi.dll" Exist="True">
			<Applicable>
				<FileExist FilePath="%0%Dism++x64.exe"/>
			</Applicable>
			<Version MD5="D2E162747F3F001D43A3348055A7CDD2">
				<Delta Size="170465" URL="Config_amd64_wimgapi.dll_10.0.14393.0~10.0.16299.15.psf" MD5="617B3D794EB9BD33D44C5BC50416922F" Type="PA30" Base="6927F618D61A91A85FB17685311482D3"/>
				<Delta Size="164218" URL="Config_amd64_wimgapi.dll_10.0.15021.1000~10.0.16299.15.psf" MD5="307866AC3E059E020F15EF670E81945C" Type="PA30" Base="C3529C600FB029BC2D5A547BA851897C"/>
				<Delta Size="164263" URL="Config_amd64_wimgapi.dll_10.0.15021.1001~10.0.16299.15.psf" MD5="907DA8ADB5BCFA85DA369108460C199F" Type="PA30" Base="F4EEE0E7A6997FB95999494DD685C096"/>
				<Delta Size="120240" URL="Config_amd64_wimgapi.dll_10.0.15052.1000~10.0.16299.15.psf" MD5="A27A2B30A90A696783119C99F8A7DD09" Type="PA30" Base="FFF1187CF692965A07DCAD971B4C34C3"/>
				<Delta Size="119286" URL="Config_amd64_wimgapi.dll_10.0.15063.0~10.0.16299.15.psf" MD5="D6435AAD6710B2590025EE7A3A18B255" Type="PA30" Base="E742164C5F621F26FF2EB362D2CE84B4"/>
				<Delta Size="51112" URL="Config_amd64_wimgapi.dll_10.0.16225.1000~10.0.16299.15.psf" MD5="6A22905362D51FB972243195E1929D88" Type="PA30" Base="D71C395347F794B0328B49B5268F0F83"/>
				<Delta Size="316216" URL="Config_amd64_wimgapi.dll_10.0.16299.15.cab" MD5="AB150248584320FC7635CEE8085AC63F" Type="MSCF"/>
			</Version>
		</File>
		<File Path="Config\x86\wimgapi.dll" Exist="True">
			<Applicable>
				<FileExist FilePath="%0%Dism++x86.exe"/>
			</Applicable>
			<Version MD5="EF096EA52EF88A8D544ECE9CE8191924">
				<Delta Size="138966" URL="Config_x86_wimgapi.dll_10.0.14393.0~10.0.16299.15.psf" MD5="E4F0DB8E1812BD4BE12339F4187C31E0" Type="PA30" Base="CF4B0D899A2F1A0B06B5CE65A5E69A02"/>
				<Delta Size="100649" URL="Config_x86_wimgapi.dll_10.0.15021.1000~10.0.16299.15.psf" MD5="B360CA6662C08091115A427F126F47E9" Type="PA30" Base="A3F4BA3F6964DCFE3FAFEF36846B0787"/>
				<Delta Size="100727" URL="Config_x86_wimgapi.dll_10.0.15021.1001~10.0.16299.15.psf" MD5="E49DA160CBFA13C75D405A42C2862FFE" Type="PA30" Base="D27DC69A83C3B129C5C268BE4903CDA1"/>
				<Delta Size="100603" URL="Config_x86_wimgapi.dll_10.0.15052.1000~10.0.16299.15.psf" MD5="558ADFBD2E2D7582CD15D60DCC837005" Type="PA30" Base="62D2B6099C74D3DE15C47454CEBAC7FB"/>
				<Delta Size="99732" URL="Config_x86_wimgapi.dll_10.0.15063.0~10.0.16299.15.psf" MD5="72EEF319968EF3C3B08087BA6821DF8B" Type="PA30" Base="D85F641D4AD19CCAA0761B76AA16E173"/>
				<Delta Size="43143" URL="Config_x86_wimgapi.dll_10.0.16225.1000~10.0.16299.15.psf" MD5="C106C7FFAB37E78336E0C5191CDB2820" Type="PA30" Base="DB0A029F4C66A3C3B130E73476E5FF24"/>
				<Delta Size="273612" URL="Config_x86_wimgapi.dll_10.0.16299.15.cab" MD5="9B79193F1BC04FA10D8E3BF11750C60C" Type="MSCF"/>
			</Version>
		</File>
		<File Path="Config\amd64\wofadk.sys" Exist="True">
			<Version MD5="FBA28D5AC166714737D1D8CDF0AEF078">
				<Delta Size="112225" URL="wofadk_amd64_10.0.14393.0.cab" MD5="D3A918FB9B17B2A95DE6849C3616FB52" Type="MSCF"/>
			</Version>
		</File>
		<File Path="Config\x86\wofadk.sys" Exist="True">
			<Version MD5="B58305136C4CE3508C0A3C9E48432AC9">
				<Delta Size="97413" URL="wofadk_x86_10.0.14393.0.cab" MD5="C69221C3E0F5BF3A99ECEAEDE4D9CC0F" Type="MSCF"/>
			</Version>
		</File>
		<File Path="Config\arm64\NCleaner.dll">
			<Applicable>
				<FileExist FilePath="%0%Dism++arm64.exe"/>
			</Applicable>
			<Version MD5="F350AB8E71CF48AA002494BBB28B0D73">
				<Delta Size="17663" URL="Config_arm64_NCleaner.dll_10.1.1000.80.cab" MD5="E7F58F8E9A308BF666B847753069DAF6" Type="MSCF"/>
			</Version>
		</File>
		<File Path="Config\amd64\NCleaner.dll">
			<Applicable>
				<FileExist FilePath="%0%Dism++x64.exe"/>
			</Applicable>
			<Version MD5="9239D753E26A88D0688AF6797E060217">
				<Delta Size="18398" URL="Config_amd64_NCleaner.dll_1.0.2.3~10.1.1000.80.psf" MD5="9CEA6C5E48375CA2D1B4CD77778AD395" Type="PA30" Base="C201D08840872855C71E19C9F4B89A35"/>
				<Delta Size="18392" URL="Config_amd64_NCleaner.dll_1.0.2.4~10.1.1000.80.psf" MD5="465D0AB6E98982D68E4BDA0B2F0DF567" Type="PA30" Base="59C2CBD79CB24AEA93B70F30D36C5395"/>
				<Delta Size="18378" URL="Config_amd64_NCleaner.dll_1.0.2.5~10.1.1000.80.psf" MD5="6846FFF8EB13246DE51A1B1B58BBA5CA" Type="PA30" Base="E7A06FB9714F4BF6447F31351E90EE9F"/>
				<Delta Size="18359" URL="Config_amd64_NCleaner.dll_1.0.2.8~10.1.1000.80.psf" MD5="0B52239CC60180B5F9F4C412BBDD68E4" Type="PA30" Base="0E55C6BA91F66EE4109C6FCAF7E86621"/>
				<Delta Size="14635" URL="Config_amd64_NCleaner.dll_1.0.3.10~10.1.1000.80.psf" MD5="798383F9E9C022C0322485D6EB232809" Type="PA30" Base="A6170B1846B6B5B72CC825A814435A45"/>
				<Delta Size="17537" URL="Config_amd64_NCleaner.dll_1.0.3.4~10.1.1000.80.psf" MD5="81F89A0E6E6BF67AF9338788CFB734FF" Type="PA30" Base="1750234D8F7D97CB043A3FFB49270B22"/>
				<Delta Size="16620" URL="Config_amd64_NCleaner.dll_1.0.3.6~10.1.1000.80.psf" MD5="2340DDD884297E400D02594035EE1AD8" Type="PA30" Base="4D7AF069E8722FF400D9FA99EC643D46"/>
				<Delta Size="16045" URL="Config_amd64_NCleaner.dll_1.0.3.8~10.1.1000.80.psf" MD5="2524B35191F2BFE39D686602170050D0" Type="PA30" Base="F7FFAE87600749ADA339F55F25B4709B"/>
				<Delta Size="12093" URL="Config_amd64_NCleaner.dll_10.1.1000.62~10.1.1000.80.psf" MD5="76FF658DDDC17FE5336320EDE5FA287D" Type="PA30" Base="4BCBB09946FDDD620E9DBBCE8B9E2789"/>
				<Delta Size="20343" URL="Config_amd64_NCleaner.dll_10.1.1000.80.cab" MD5="B3E9EE6DD41818B621819A4499488B70" Type="MSCF"/>
			</Version>
		</File>
		<File Path="Config\x86\NCleaner.dll">
			<Applicable>
				<FileExist FilePath="%0%Dism++x86.exe"/>
			</Applicable>
			<Version MD5="5E6AD60DD9CF1154FE548EC36D0E1AC3">
				<Delta Size="16030" URL="Config_x86_NCleaner.dll_1.0.2.3~10.1.1000.80.psf" MD5="76EA7E57040C6B1FEC59485769268A7F" Type="PA30" Base="2879965DE72849D1F2780D3C4A2CCF8F"/>
				<Delta Size="15986" URL="Config_x86_NCleaner.dll_1.0.2.4~10.1.1000.80.psf" MD5="D06945433B3D06EBF60067F14E7E5100" Type="PA30" Base="10682298BD9097A53E3008D95D0CECB6"/>
				<Delta Size="15994" URL="Config_x86_NCleaner.dll_1.0.2.5~10.1.1000.80.psf" MD5="A3C86F41F725678464B75A3B47BC744E" Type="PA30" Base="F632AE3B9BFF565C85F542ABBF25C403"/>
				<Delta Size="15849" URL="Config_x86_NCleaner.dll_1.0.2.8~10.1.1000.80.psf" MD5="2B32C51324D1AC9358205904FA71B61A" Type="PA30" Base="34E270C582DD82110BBF64B68A4A8897"/>
				<Delta Size="11859" URL="Config_x86_NCleaner.dll_1.0.3.10~10.1.1000.80.psf" MD5="98FE3DE3EBB86CA41F5DDB0BE8D122CD" Type="PA30" Base="96BD0C209F60F0B54AD6B96A395E7EEE"/>
				<Delta Size="15235" URL="Config_x86_NCleaner.dll_1.0.3.4~10.1.1000.80.psf" MD5="8F1F0FAC41860B2BA06B552443582266" Type="PA30" Base="450ADA8B08A92B01DB16B5901D2D1DDA"/>
				<Delta Size="13985" URL="Config_x86_NCleaner.dll_1.0.3.6~10.1.1000.80.psf" MD5="487EED57F646A45A4C6C4C715F9DD851" Type="PA30" Base="7DE371005465B905D153BEC9527E8700"/>
				<Delta Size="13692" URL="Config_x86_NCleaner.dll_1.0.3.8~10.1.1000.80.psf" MD5="995B37AA8DF96D818E8388631CF7C75B" Type="PA30" Base="C8EE21CE43E33EAC904EB9E36ECBBE95"/>
				<Delta Size="9931" URL="Config_x86_NCleaner.dll_10.1.1000.62~10.1.1000.80.psf" MD5="1D54CB3DB8E8E10D572516B1405C725F" Type="PA30" Base="9472E7096FDB6BE99C98D05D985C49B7"/>
				<Delta Size="18273" URL="Config_x86_NCleaner.dll_10.1.1000.80.cab" MD5="007CD86F35B596B7D181FCEB9469C83D" Type="MSCF"/>
			</Version>
		</File>
	</FileCollection>
	<Languages>
		<en Path="Config\Languages\en.zip">
			<Version MD5="FEAFCAD198BB58849E0C9D80F110C2A1">
				<Delta Size="37521" URL="Config_Languages_en.zip_2017-08-13~2018-08-20.psf" MD5="591D2098E4BF4BA45470C761B6732DBF" Type="PA30" Base="671218D8C3A6F37EDBE0D83F2EB7AD22"/>
				<Delta Size="37349" URL="Config_Languages_en.zip_2017-08-20~2018-08-20.psf" MD5="2CB620ED51B7CB5E418117D5B92D8640" Type="PA30" Base="EE520AC68364B9BD09D8621B76766F16"/>
				<Delta Size="36920" URL="Config_Languages_en.zip_2017-08-26~2018-08-20.psf" MD5="2C01349F74BAB53D6EF5DFC0D596B165" Type="PA30" Base="62C4641DB14F963BA61FFA6E7F7F1243"/>
				<Delta Size="36845" URL="Config_Languages_en.zip_2017-08-28~2018-08-20.psf" MD5="A657F4E2D5BF1E88A542C38F7B6D1201" Type="PA30" Base="F6DE3BF2B695EBCC340C79E4D3A2AD73"/>
				<Delta Size="36228" URL="Config_Languages_en.zip_2017-09-26~2018-08-20.psf" MD5="1F78D6041C8F3CD483371ECA1C1BBC70" Type="PA30" Base="D486999CFF3D3280836CBAF68687FD1A"/>
				<Delta Size="32508" URL="Config_Languages_en.zip_2017-10-15~2018-08-20.psf" MD5="4CD85EABA21184D5C66F045F0BBDAB9C" Type="PA30" Base="45F659F55A33422BF825C647CE327B5A"/>
				<Delta Size="33014" URL="Config_Languages_en.zip_2017-10-20~2018-08-20.psf" MD5="82492D112D430EF02E95CA3E96311705" Type="PA30" Base="DA529EAB70696FF6DE97B5ADA772C8B3"/>
				<Delta Size="19510" URL="Config_Languages_en.zip_2017-12-25~2018-08-20.psf" MD5="19008CABB6B372F640C00A38D0BF64A8" Type="PA30" Base="CB983581F7B5D70798FE8321ED74C9DA"/>
				<Delta Size="16041" URL="Config_Languages_en.zip_2018-03-28~2018-08-20.psf" MD5="B0BDF7BA3FA5288E82CC33C7AF52DAB4" Type="PA30" Base="D491B62E3B87377276FE5D74E7E41A94"/>
				<Delta Size="18418" URL="Config_Languages_en.zip_2018-05-31~2018-08-20.psf" MD5="1AB38E9AFA7C5BE512AC34E4140DD8D2" Type="PA30" Base="2920D52A2D4DB25C7FCE14B363A38A22"/>
				<Delta Size="37410" URL="Config_Languages_en.zip_2018-08-20..zip" MD5="FEAFCAD198BB58849E0C9D80F110C2A1" Type="RAW"/>
			</Version>
		</en>
		<bg Path="Config\Languages\bg.zip">
			<Version MD5="D2FD1B17FF1A2C134229B3F630C5BD8D">
				<Delta Size="42949" URL="Config_Languages_bg.zip_2017-08-13~2018-08-20.psf" MD5="2B940A874B1ECB92FDE6467220EC3288" Type="PA30" Base="77B76A62B21718919B0B24515A2D24F0"/>
				<Delta Size="42613" URL="Config_Languages_bg.zip_2017-08-20~2018-08-20.psf" MD5="E1B4BF2BF63B221B3BD63D0ABDA115CE" Type="PA30" Base="EA96A1287227B5A787C3C9F498154869"/>
				<Delta Size="42495" URL="Config_Languages_bg.zip_2017-08-26~2018-08-20.psf" MD5="25E34D63540ADED32F4821A493472B2A" Type="PA30" Base="B511F0ADFE9F350A18284F3E5413F167"/>
				<Delta Size="42427" URL="Config_Languages_bg.zip_2017-08-28~2018-08-20.psf" MD5="5462671AC40FCACB8AF5DE029D34002D" Type="PA30" Base="EE60BCEA190C90ED66ADE6A11E69A09F"/>
				<Delta Size="42492" URL="Config_Languages_bg.zip_2017-09-26~2018-08-20.psf" MD5="2E8AD4B351766146C7F0B276EF9E6102" Type="PA30" Base="269A050D27E7E79AE9E2DC02C1817C26"/>
				<Delta Size="42697" URL="Config_Languages_bg.zip_2017-10-15~2018-08-20.psf" MD5="98FAB0FE2EE78AE2ACBA959808F495E5" Type="PA30" Base="AB714C891BF700CC2C469E72B9C392F1"/>
				<Delta Size="42698" URL="Config_Languages_bg.zip_2017-10-20~2018-08-20.psf" MD5="BC3276AE632108D857E353259AD4A26F" Type="PA30" Base="2371BB60A2BD000342CD988354C5FA72"/>
				<Delta Size="42205" URL="Config_Languages_bg.zip_2017-12-25~2018-08-20.psf" MD5="F015FA75B1707E276A211130F896CCF2" Type="PA30" Base="452653DD2AE20038D8004CAD8BD775F2"/>
				<Delta Size="24313" URL="Config_Languages_bg.zip_2018-03-28~2018-08-20.psf" MD5="E7E949E5C04F57E41F64C94C23E4DB25" Type="PA30" Base="CB3A915755FF3DE54CAF1A2CD29CA585"/>
				<Delta Size="24399" URL="Config_Languages_bg.zip_2018-05-31~2018-08-20.psf" MD5="990D0BC7118C6550664369840DFAEDBE" Type="PA30" Base="877252A691E97BA9C75DB8C20676804A"/>
				<Delta Size="42786" URL="Config_Languages_bg.zip_2018-08-20..zip" MD5="D2FD1B17FF1A2C134229B3F630C5BD8D" Type="RAW"/>
			</Version>
		</bg>
		<cs Path="Config\Languages\cs.zip">
			<Version MD5="027FB8FAEFBFA75DDB475BC63B8BC4F4">
				<Delta Size="40139" URL="Config_Languages_cs.zip_2017-08-13~2018-08-20.psf" MD5="CFD716D12CA0820E7BF44766EA02A34B" Type="PA30" Base="552C0F56D09B78F0829A3FE06FD605D1"/>
				<Delta Size="39366" URL="Config_Languages_cs.zip_2017-08-20~2018-08-20.psf" MD5="AE0F16F830F2925C80BFDF867F76C671" Type="PA30" Base="8282A24D4D7472517A917B01E5DD01B4"/>
				<Delta Size="38894" URL="Config_Languages_cs.zip_2017-08-26~2018-08-20.psf" MD5="2A7F088B892887EB766F5230AC984DA4" Type="PA30" Base="00A1F778EC70903F452DB2A6F96E44BA"/>
				<Delta Size="38909" URL="Config_Languages_cs.zip_2017-08-28~2018-08-20.psf" MD5="FC5B6CFC5E3F8FD56FE6B459F9C15FF8" Type="PA30" Base="1A2633C811032697E5986B95AB3C29CF"/>
				<Delta Size="39585" URL="Config_Languages_cs.zip_2017-09-26~2018-08-20.psf" MD5="7004D15589044F391EE17CFE6E902FB8" Type="PA30" Base="7FC35AA0ACCBCDABEF255B5F34806E79"/>
				<Delta Size="38986" URL="Config_Languages_cs.zip_2017-10-15~2018-08-20.psf" MD5="CFCEFF006E17B449B91FEEEA71D56DAD" Type="PA30" Base="C4D5C89FBEE020859AB4879CAA87CAA7"/>
				<Delta Size="37900" URL="Config_Languages_cs.zip_2017-10-20~2018-08-20.psf" MD5="4FDEE9D3B3BBCFA0014B5B23FFA80508" Type="PA30" Base="778CCFA6283758DDA9766F36377B1092"/>
				<Delta Size="37281" URL="Config_Languages_cs.zip_2017-12-25~2018-08-20.psf" MD5="3F9464F8D3F4BB7DB9191B4C4CC2B42B" Type="PA30" Base="5B9C8999771DEA9879C3BBB867187980"/>
				<Delta Size="19133" URL="Config_Languages_cs.zip_2018-03-28~2018-08-20.psf" MD5="042FA33D4F9A71ACA5E92DC6763D9A17" Type="PA30" Base="DBB53BBD7825C761D2E7BD9942A6187D"/>
				<Delta Size="14947" URL="Config_Languages_cs.zip_2018-05-31~2018-08-20.psf" MD5="7019ACB2A6A5A8C0C7C12314F41A618D" Type="PA30" Base="D4B7691EDF6BD77A7FF73DEB9DDEC564"/>
				<Delta Size="40026" URL="Config_Languages_cs.zip_2018-08-20..zip" MD5="027FB8FAEFBFA75DDB475BC63B8BC4F4" Type="RAW"/>
			</Version>
		</cs>
		<de Path="Config\Languages\de.zip">
			<Version MD5="85BE2F9349862E762593023B0C6A342A">
				<Delta Size="39851" URL="Config_Languages_de.zip_2017-08-13~2018-08-20.psf" MD5="381E045CB4902920A12E95CB4CEC5018" Type="PA30" Base="8F987A6E1B09A02C6ECFA4D4817AD170"/>
				<Delta Size="39190" URL="Config_Languages_de.zip_2017-08-20~2018-08-20.psf" MD5="F1CBA85CE433BE37C92EB038FAE9B64A" Type="PA30" Base="19E34E4F0B267867699E1152F7E50BD1"/>
				<Delta Size="39150" URL="Config_Languages_de.zip_2017-08-26~2018-08-20.psf" MD5="D465BDB66840C1546B829DE97027739C" Type="PA30" Base="BE439A19DD3928FCFF552525D42727B6"/>
				<Delta Size="38914" URL="Config_Languages_de.zip_2017-08-28~2018-08-20.psf" MD5="0DBC5D92644C63839574D54434049AA1" Type="PA30" Base="B65E2B216CB83073CCAA7F9922CC2C5F"/>
				<Delta Size="38960" URL="Config_Languages_de.zip_2017-09-26~2018-08-20.psf" MD5="305A8D40EE63F5BA4679D277E37BD0F2" Type="PA30" Base="63DE2FE09BA4EA9848D7BE9807980BA4"/>
				<Delta Size="38700" URL="Config_Languages_de.zip_2017-10-15~2018-08-20.psf" MD5="5E064C2250BFE839AD3AC2C50842AC62" Type="PA30" Base="F7503411ABD62F1A3AC646CB77E7D8EF"/>
				<Delta Size="36928" URL="Config_Languages_de.zip_2017-10-20~2018-08-20.psf" MD5="BA015C9CE004AD90E5AB2CFCDB9FF866" Type="PA30" Base="1D6E2553CA669F26CBF8FB5432CDA5FE"/>
				<Delta Size="21816" URL="Config_Languages_de.zip_2017-12-25~2018-08-20.psf" MD5="FD321CEBB62EA60B0F3FC3AF2E4D68C8" Type="PA30" Base="9046F83FDE63B3AE67F6D781DAC0B33E"/>
				<Delta Size="21490" URL="Config_Languages_de.zip_2018-03-28~2018-08-20.psf" MD5="8CE343917B602D164ABD2B22AE436409" Type="PA30" Base="D36A3D6393B539612B95DD64F28EAE08"/>
				<Delta Size="18186" URL="Config_Languages_de.zip_2018-05-31~2018-08-20.psf" MD5="FF3ACB5D7F4EC53FC7DA46BC73519CD9" Type="PA30" Base="3FB7E65FFF75C50440BE14264B740152"/>
				<Delta Size="39768" URL="Config_Languages_de.zip_2018-08-20..zip" MD5="85BE2F9349862E762593023B0C6A342A" Type="RAW"/>
			</Version>
		</de>
		<es Path="Config\Languages\es.zip">
			<Version MD5="8A35A2FF9FF4F1A63D0E4FC3878D3087">
				<Delta Size="38146" URL="Config_Languages_es.zip_2017-08-13~2018-08-20.psf" MD5="7EAEAC958C675A5AC1D3BBAAFD04BC0D" Type="PA30" Base="06B70D3DD2AD5B3FB268A73BD3DA6E5E"/>
				<Delta Size="37793" URL="Config_Languages_es.zip_2017-08-20~2018-08-20.psf" MD5="F17C8ADA7921FB8BE377F7782F1EBF4C" Type="PA30" Base="349DD300A090A2C25AFFA5FFF2F2B6AF"/>
				<Delta Size="37909" URL="Config_Languages_es.zip_2017-08-26~2018-08-20.psf" MD5="01EB785F8F6C14280B69E70D1D035B31" Type="PA30" Base="68FF732CB55BB651EA099FF76329962C"/>
				<Delta Size="37982" URL="Config_Languages_es.zip_2017-08-28~2018-08-20.psf" MD5="782F18729AAACBE8E327B29D1171F955" Type="PA30" Base="4F109D77914FEC5A8E67BE05A5E0AC56"/>
				<Delta Size="37712" URL="Config_Languages_es.zip_2017-09-26~2018-08-20.psf" MD5="225FAFD98A6DA95422728BA80ABDD818" Type="PA30" Base="B2769046AF93E392A3E5A8DF3A5E9A74"/>
				<Delta Size="37436" URL="Config_Languages_es.zip_2017-10-15~2018-08-20.psf" MD5="C42C16FFC81CCEDB6DF97500545E639C" Type="PA30" Base="2276673C838D0484FBB9A8C3FD88E175"/>
				<Delta Size="37538" URL="Config_Languages_es.zip_2017-11-05~2018-08-20.psf" MD5="6F51AE5604B159B5C1A137AE484CF500" Type="PA30" Base="ADEF70151E10A6BE6E37CFC8773DD02D"/>
				<Delta Size="36430" URL="Config_Languages_es.zip_2017-12-25~2018-08-20.psf" MD5="8F15C7DCB1D46CAEF85D5C059EBCA2D3" Type="PA30" Base="52137B4FE70A70005A4697E7C05B088B"/>
				<Delta Size="33839" URL="Config_Languages_es.zip_2018-03-28~2018-08-20.psf" MD5="EE5B636490686E986883FF52F53368FB" Type="PA30" Base="2F180E99B43D1F629723D941F419D75D"/>
				<Delta Size="37234" URL="Config_Languages_es.zip_2018-05-31~2018-08-20.psf" MD5="4CABC427804B25C8270CFFF312721E3F" Type="PA30" Base="209CDDE4486D70E14177424A8D112449"/>
				<Delta Size="38019" URL="Config_Languages_es.zip_2018-08-20..zip" MD5="8A35A2FF9FF4F1A63D0E4FC3878D3087" Type="RAW"/>
			</Version>
		</es>
		<fr Path="Config\Languages\fr.zip">
			<Version MD5="7D133F1B32D3C621B98D128AD1EEAE40">
				<Delta Size="40631" URL="Config_Languages_fr.zip_2017-08-13~2018-08-20.psf" MD5="5030DEE8B09B921E0EEBABAA774B4305" Type="PA30" Base="17A3593597A38CB54BB282D922EE4D2A"/>
				<Delta Size="41092" URL="Config_Languages_fr.zip_2017-08-20~2018-08-20.psf" MD5="B9B31B4D7D9086ECE41E300A37C45A12" Type="PA30" Base="2D939CD947A6C342A48BA8B5F46F81D3"/>
				<Delta Size="40784" URL="Config_Languages_fr.zip_2017-08-26~2018-08-20.psf" MD5="B901C0E0CC87DCDCECEFFA2255F8946F" Type="PA30" Base="223C093D932505A96ECE6230FF5E2CAF"/>
				<Delta Size="40158" URL="Config_Languages_fr.zip_2017-08-28~2018-08-20.psf" MD5="B2C8B9C365DE527B41A9504AFC27C354" Type="PA30" Base="3591C718CD68D6EB89B63211AE1C7CE9"/>
				<Delta Size="39948" URL="Config_Languages_fr.zip_2017-09-26~2018-08-20.psf" MD5="163364E1A01AC7767B811522E91CF473" Type="PA30" Base="31664F57AA61ABC2300A6FCDF8166203"/>
				<Delta Size="40555" URL="Config_Languages_fr.zip_2017-10-15~2018-08-20.psf" MD5="E3A840233EAF6C5088619E7563EA2E37" Type="PA30" Base="B3476D25F95C8DD082E64AB77D633F48"/>
				<Delta Size="40452" URL="Config_Languages_fr.zip_2017-10-20~2018-08-20.psf" MD5="66AC6BE74A1950C2E2685DAC94161115" Type="PA30" Base="6F8677AD9EA8026067AD353822546C8D"/>
				<Delta Size="20479" URL="Config_Languages_fr.zip_2017-12-25~2018-08-20.psf" MD5="36B80791C3395FC46682327F0C1B94D8" Type="PA30" Base="BFE6C40797A9D5133E5003D3AEF12C20"/>
				<Delta Size="20983" URL="Config_Languages_fr.zip_2018-05-31~2018-08-20.psf" MD5="41DA5CA3A445F6E2B005A03CA2A05C58" Type="PA30" Base="5298AE1FACDDC80481EECDB9DFD4178C"/>
				<Delta Size="40919" URL="Config_Languages_fr.zip_2018-08-20..zip" MD5="7D133F1B32D3C621B98D128AD1EEAE40" Type="RAW"/>
			</Version>
		</fr>
		<it Path="Config\Languages\it.zip">
			<Version MD5="2430ADF01A74763C23A5CE3836ABEF32">
				<Delta Size="38833" URL="Config_Languages_it.zip_2017-08-13~2018-08-20.psf" MD5="873EB5369FAFF75B9D0280DDD9B2E63C" Type="PA30" Base="DB7ED28C31C3683A20F3B2EC2DD8C1FF"/>
				<Delta Size="38154" URL="Config_Languages_it.zip_2017-08-20~2018-08-20.psf" MD5="0F0E823B3E90D9CF2BCFD52787B92BAF" Type="PA30" Base="E23745C5DB0419FC333CB5288ABE8E7B"/>
				<Delta Size="37689" URL="Config_Languages_it.zip_2017-08-26~2018-08-20.psf" MD5="1E9E2B4C3CD488BFC119659C5FAC903E" Type="PA30" Base="AD263B5F969E4605F35C8793C08768B5"/>
				<Delta Size="37956" URL="Config_Languages_it.zip_2017-08-28~2018-08-20.psf" MD5="EA60C3F8A51455DCA8D633E07835C6AF" Type="PA30" Base="62EA20EFB557CC43EC6C01F9C253BD24"/>
				<Delta Size="28649" URL="Config_Languages_it.zip_2017-09-26~2018-08-20.psf" MD5="79FAC35A93E044319F31C40955E475E2" Type="PA30" Base="911FA03719E408367AE175B7B5F01AC5"/>
				<Delta Size="28089" URL="Config_Languages_it.zip_2017-10-15~2018-08-20.psf" MD5="56EF7AB93481747787964198AA1CB420" Type="PA30" Base="E9EC14F0E78C988436C7C33B118E9A82"/>
				<Delta Size="24195" URL="Config_Languages_it.zip_2017-10-20~2018-08-20.psf" MD5="E77F59B6D74202835BC17EE9C6E01AC4" Type="PA30" Base="331BF408E20219C055C9709705E38B08"/>
				<Delta Size="20826" URL="Config_Languages_it.zip_2017-12-25~2018-08-20.psf" MD5="0613B1AFD3AE1AFF83C59BE276B7A53E" Type="PA30" Base="308630D184B7C80BF8368E6E1065E499"/>
				<Delta Size="18347" URL="Config_Languages_it.zip_2018-05-31~2018-08-20.psf" MD5="501558A9B26A94AFB15EBD11E9069F01" Type="PA30" Base="890F0D7A75760704C2A80DCC5A08D96E"/>
				<Delta Size="38703" URL="Config_Languages_it.zip_2018-08-20..zip" MD5="2430ADF01A74763C23A5CE3836ABEF32" Type="RAW"/>
			</Version>
		</it>
		<ja Path="Config\Languages\ja.zip">
			<Version MD5="AF4067F5711B2759BF6B6ED0BE47BDC3">
				<Delta Size="39129" URL="Config_Languages_ja.zip_2017-08-13~2018-08-20.psf" MD5="912F773065E60DA93CDCA67B5298F549" Type="PA30" Base="8FAEE9ABFB615D9461010BAA36FA36A9"/>
				<Delta Size="38444" URL="Config_Languages_ja.zip_2017-08-20~2018-08-20.psf" MD5="ECD403292ACA240597F02986C9CF4733" Type="PA30" Base="CD38269F24A65CF53C17911297C6343A"/>
				<Delta Size="37685" URL="Config_Languages_ja.zip_2017-08-26~2018-08-20.psf" MD5="4420CD0F6EF480565701923421C47F8A" Type="PA30" Base="77E792A8B6D683579884006366271F3F"/>
				<Delta Size="38235" URL="Config_Languages_ja.zip_2017-08-28~2018-08-20.psf" MD5="F128350224B6D22FAB75C4863CE6B5B1" Type="PA30" Base="C4B38D45AEE927FA90C24F3066156839"/>
				<Delta Size="37584" URL="Config_Languages_ja.zip_2017-09-26~2018-08-20.psf" MD5="D55D57E82CDFBDE6DDBC723BB70DE060" Type="PA30" Base="0955AEB2951AB6BF8B7B650A0E4C0D1B"/>
				<Delta Size="38157" URL="Config_Languages_ja.zip_2017-10-15~2018-08-20.psf" MD5="4DF03E08AF1150A9866C8F3161757D9E" Type="PA30" Base="05DFF7B7A0B788C3084AE912BE92D9C6"/>
				<Delta Size="20888" URL="Config_Languages_ja.zip_2017-12-25~2018-08-20.psf" MD5="2ACB7BA9AEA3C559AC829372C5CDF215" Type="PA30" Base="DB16F0BA98167D6768CA490CC118599C"/>
				<Delta Size="21287" URL="Config_Languages_ja.zip_2018-05-31~2018-08-20.psf" MD5="CD73B13471BCE88F45ECAC9F1525ED1E" Type="PA30" Base="D70DDB3959C66A81DA5BB9919C8B523D"/>
				<Delta Size="39102" URL="Config_Languages_ja.zip_2018-08-20..zip" MD5="AF4067F5711B2759BF6B6ED0BE47BDC3" Type="RAW"/>
			</Version>
		</ja>
		<ko Path="Config\Languages\ko.zip">
			<Version MD5="E8FAF513370706F0ACD94AE2411AC9F6">
				<Delta Size="39383" URL="Config_Languages_ko.zip_2017-08-13~2018-08-20.psf" MD5="23628F2361BADE68DCCBC274709DCB3E" Type="PA30" Base="2B6C08B06F65C75590858605BD161BF0"/>
				<Delta Size="39301" URL="Config_Languages_ko.zip_2017-08-20~2018-08-20.psf" MD5="D2A056511EFA0DA11B2FBCAF89307B7E" Type="PA30" Base="314C3677A2977ECE6A6C816E632ED2E7"/>
				<Delta Size="39358" URL="Config_Languages_ko.zip_2017-08-26~2018-08-20.psf" MD5="BD14D066E5C3E84A7F0B9789154CFB95" Type="PA30" Base="59247362CD360292600D286B2ACD7831"/>
				<Delta Size="39360" URL="Config_Languages_ko.zip_2017-08-28~2018-08-20.psf" MD5="93A94E3CB9FA2D7B4BF88326E8229A33" Type="PA30" Base="6D57107523AB7EC08AB842FD1111332D"/>
				<Delta Size="39312" URL="Config_Languages_ko.zip_2017-09-26~2018-08-20.psf" MD5="43EC47A2721A852FF8E54FA97BE0D767" Type="PA30" Base="0BBCB001E2BF12ACB86CB5BA7E89A914"/>
				<Delta Size="39208" URL="Config_Languages_ko.zip_2017-10-15~2018-08-20.psf" MD5="4EC3F659203AFA5A9C5584CE49F7F1B4" Type="PA30" Base="EFCD9B5B8353B1BA8BB3F3CE9E3EC3B2"/>
				<Delta Size="39218" URL="Config_Languages_ko.zip_2017-10-20~2018-08-20.psf" MD5="65D9E1190EB7EBF69CB74224AE36EFCF" Type="PA30" Base="9328E95E52C9CC7F5EEAD6B9BF7A9E1D"/>
				<Delta Size="38980" URL="Config_Languages_ko.zip_2017-12-25~2018-08-20.psf" MD5="873588A9AA12B425183DFCC84165981D" Type="PA30" Base="1E8234D459A81E69C82CE7980A681A08"/>
				<Delta Size="22830" URL="Config_Languages_ko.zip_2018-03-28~2018-08-20.psf" MD5="A14DE861D9C10A0E0976AB911DFF0068" Type="PA30" Base="6EDE9E92F9CFC946F7DD24EE225DEF3D"/>
				<Delta Size="22464" URL="Config_Languages_ko.zip_2018-05-31~2018-08-20.psf" MD5="DE7136C358AF09ADE3EB0838ACCFC122" Type="PA30" Base="F42C9620CB22B6942C4E7815D69C9D37"/>
				<Delta Size="39245" URL="Config_Languages_ko.zip_2018-08-20..zip" MD5="E8FAF513370706F0ACD94AE2411AC9F6" Type="RAW"/>
			</Version>
		</ko>
		<pl-pl Path="Config\Languages\pl-PL.zip">
			<Version MD5="9C07335ACD240D6C642883E267219801">
				<Delta Size="39872" URL="Config_Languages_pl-PL.zip_2017-08-13~2018-08-20.psf" MD5="9A74494045B4AF0695C7AEF9161DB781" Type="PA30" Base="C0524058313C6400F9231F185CF31253"/>
				<Delta Size="39713" URL="Config_Languages_pl-PL.zip_2017-08-20~2018-08-20.psf" MD5="22B8C3DFE747E2D1C962C53EB3E3B32D" Type="PA30" Base="E2F05AC8E2B83224A7C97A7298BBE64D"/>
				<Delta Size="39637" URL="Config_Languages_pl-PL.zip_2017-08-26~2018-08-20.psf" MD5="FE2C3FA0BCCCD2D63368A9ECBE7B734C" Type="PA30" Base="EF693F9BBA306AC6E6C0588C9DBA0BE5"/>
				<Delta Size="39543" URL="Config_Languages_pl-PL.zip_2017-08-28~2018-08-20.psf" MD5="5198B1074C4B704341616B975A858B1A" Type="PA30" Base="E718EACC962509B5113DB2B461249E55"/>
				<Delta Size="38730" URL="Config_Languages_pl-PL.zip_2017-09-26~2018-08-20.psf" MD5="A223899C3DA50A123A3ED9FF13908B49" Type="PA30" Base="119885C2B5BB10689D8488732BB19D2B"/>
				<Delta Size="38522" URL="Config_Languages_pl-PL.zip_2017-10-15~2018-08-20.psf" MD5="A6AE8E2F96033040DCFD6E654C74B3B6" Type="PA30" Base="8BB8D8A5DCECA1E180B1F8EEC0832D39"/>
				<Delta Size="38576" URL="Config_Languages_pl-PL.zip_2017-10-20~2018-08-20.psf" MD5="3491117CD1BFA85998C225EB914C1108" Type="PA30" Base="E0769B8CF9DA7FEE01EB2568B760C2DC"/>
				<Delta Size="20211" URL="Config_Languages_pl-PL.zip_2017-12-25~2018-08-20.psf" MD5="54D49BC13203078086900FF8BB842224" Type="PA30" Base="1E8DEED737A5918721B19F6D3A533929"/>
				<Delta Size="19128" URL="Config_Languages_pl-PL.zip_2018-05-31~2018-08-20.psf" MD5="A45F2FE20CD14A54976E58B0EFB28485" Type="PA30" Base="DD4752655DB761546E8B128C22CA014C"/>
				<Delta Size="39703" URL="Config_Languages_pl-PL.zip_2018-08-20..zip" MD5="9C07335ACD240D6C642883E267219801" Type="RAW"/>
			</Version>
		</pl-pl>
		<pt Path="Config\Languages\pt.zip">
			<Version MD5="D0BCD8B22BB6EEC94AEAC410ACFB4E2F">
				<Delta Size="39614" URL="Config_Languages_pt.zip_2017-08-13~2018-08-20.psf" MD5="7F5FBFFA9F9628E6DE898DAD47BD11C2" Type="PA30" Base="DF9A6BC576F4B8EE8CA87F1C81119C3D"/>
				<Delta Size="39665" URL="Config_Languages_pt.zip_2017-08-20~2018-08-20.psf" MD5="9A4D77CFD88AA581B1D806D72761FD84" Type="PA30" Base="381F8D808641DB171B114A85063D174B"/>
				<Delta Size="39311" URL="Config_Languages_pt.zip_2017-08-26~2018-08-20.psf" MD5="8837AD24DAF0EC425C14C47397AC2C36" Type="PA30" Base="6B43F32A99ABE922C4486C1DAF18D752"/>
				<Delta Size="39366" URL="Config_Languages_pt.zip_2017-08-28~2018-08-20.psf" MD5="780718C9838319AF75BD6CA2B0086B9D" Type="PA30" Base="879F50F29B25C54DA1E8D72CD8BBF6C9"/>
				<Delta Size="39316" URL="Config_Languages_pt.zip_2017-09-26~2018-08-20.psf" MD5="CE963329E94FA39AF6656224B8CBC07E" Type="PA30" Base="E791DB821C74F9A94A6D73AD57D23B05"/>
				<Delta Size="39160" URL="Config_Languages_pt.zip_2017-10-15~2018-08-20.psf" MD5="892270039D863C36F453FDFB93B9F302" Type="PA30" Base="428AA8393577F046A8E026BC9C80CDD3"/>
				<Delta Size="39160" URL="Config_Languages_pt.zip_2017-10-20~2018-08-20.psf" MD5="D2BF4418466F279C250F02C74D67B6ED" Type="PA30" Base="BC826E1F43AC94C30202CE45C3BDBD9D"/>
				<Delta Size="36580" URL="Config_Languages_pt.zip_2017-12-25~2018-08-20.psf" MD5="91217F69D4E4F3C93A0287262D36A82F" Type="PA30" Base="06ACC533A1832A751AE08853E95A065B"/>
				<Delta Size="35854" URL="Config_Languages_pt.zip_2018-03-28~2018-08-20.psf" MD5="E479C9A2442DD07326AA1A4DD6165BAC" Type="PA30" Base="C180C4D5FE3034C1F4E3F874DD5D82D4"/>
				<Delta Size="16776" URL="Config_Languages_pt.zip_2018-05-31~2018-08-20.psf" MD5="E360666E0A501F6F46CDC9D72046974E" Type="PA30" Base="4F7518FB379F80A91451E3C0C13B5C63"/>
				<Delta Size="39490" URL="Config_Languages_pt.zip_2018-08-20..zip" MD5="D0BCD8B22BB6EEC94AEAC410ACFB4E2F" Type="RAW"/>
			</Version>
		</pt>
		<ru Path="Config\Languages\ru.zip">
			<Version MD5="188F829C991325E6B7A9D3CB38FAA389">
				<Delta Size="42907" URL="Config_Languages_ru.zip_2017-08-13~2018-08-20.psf" MD5="0D76C4EF6DC5D93585358B76616C5346" Type="PA30" Base="0D2A700A4929CF903BB4E00B90FB04D9"/>
				<Delta Size="42331" URL="Config_Languages_ru.zip_2017-08-20~2018-08-20.psf" MD5="5FCD2B19046C6A5777867288C85C82D8" Type="PA30" Base="7F1487425714F4F0CD70A8CC8F4E8CD2"/>
				<Delta Size="41307" URL="Config_Languages_ru.zip_2017-08-26~2018-08-20.psf" MD5="DB0755A3F136F7BEDB342422B5EE9EBA" Type="PA30" Base="52486C1282573A0B0362C310DCDAE8FC"/>
				<Delta Size="41789" URL="Config_Languages_ru.zip_2017-09-26~2018-08-20.psf" MD5="30A408FF80CD0ABDB280690BA70BBC87" Type="PA30" Base="5EFFE56929FB30A29EFB336521CE973A"/>
				<Delta Size="42271" URL="Config_Languages_ru.zip_2017-10-15~2018-08-20.psf" MD5="B2F09E2B89C7ACD475360B8E1998FFB6" Type="PA30" Base="4B6AC73A54CD02023A2B38F500AED7FB"/>
				<Delta Size="42249" URL="Config_Languages_ru.zip_2017-10-20~2018-08-20.psf" MD5="B754EDE9FB118A8688E713BDF11F477C" Type="PA30" Base="CFD5B8331A18FD9B97283044887B4030"/>
				<Delta Size="26313" URL="Config_Languages_ru.zip_2017-12-25~2018-08-20.psf" MD5="CFB3E4B3B6DBA69A171D124FF59F207A" Type="PA30" Base="ACB932E9AB2B04B7FC9F31772C41A7AB"/>
				<Delta Size="25335" URL="Config_Languages_ru.zip_2018-03-28~2018-08-20.psf" MD5="EBF4E422290DCA532777C0069BF9C8B1" Type="PA30" Base="97D265CAF3E4009A739D5FE80FD677C7"/>
				<Delta Size="26201" URL="Config_Languages_ru.zip_2018-05-31~2018-08-20.psf" MD5="3D5606031A953174DBF99B957A250A55" Type="PA30" Base="A977B7655520B16F4B1E51180774A795"/>
				<Delta Size="42783" URL="Config_Languages_ru.zip_2018-08-20..zip" MD5="188F829C991325E6B7A9D3CB38FAA389" Type="RAW"/>
			</Version>
		</ru>
		<zh-hans Path="Config\Languages\zh-Hans.zip">
			<Version MD5="A4FA2B5A0F9BC8DA19549442AAA0D62D">
				<Delta Size="6867" URL="Config_Languages_zh-Hans.zip_2017-08-13~2018-03-28.psf" MD5="8CC9269750379A62D33D61BC2C951BFB" Type="PA30" Base="E146B81CA1D7E7A846381DADEC50E40C"/>
				<Delta Size="6852" URL="Config_Languages_zh-Hans.zip_2017-08-20~2018-03-28.psf" MD5="1E0A4561745DC1B33972BD0CEA902B73" Type="PA30" Base="2F8E54A85ECD2C906FA4E823F7F1FCC6"/>
				<Delta Size="6806" URL="Config_Languages_zh-Hans.zip_2017-08-26~2018-03-28.psf" MD5="3C21BC5E0356197E81E22764BA8930EE" Type="PA30" Base="88B0A0BAE49F813B442DD8D5EAD2AE21"/>
				<Delta Size="6844" URL="Config_Languages_zh-Hans.zip_2017-09-26~2018-03-28.psf" MD5="C2F2F8F40297D975D1FB64BB85B8781E" Type="PA30" Base="B7BAC03A508FD733ACEFFA71F5CE5293"/>
				<Delta Size="6736" URL="Config_Languages_zh-Hans.zip_2017-10-12~2018-03-28.psf" MD5="6D827F7A6AB55383E13AA165BE073695" Type="PA30" Base="534A65B921AB00D6011D85CF373F235C"/>
				<Delta Size="6861" URL="Config_Languages_zh-Hans.zip_2018-03-28..zip" MD5="A4FA2B5A0F9BC8DA19549442AAA0D62D" Type="RAW"/>
			</Version>
		</zh-hans>
		<zh-hant Path="Config\Languages\zh-Hant.zip">
			<Version MD5="5A8205E3727E8F3432DDE30103CDE9E4">
				<Delta Size="34860" URL="Config_Languages_zh-Hant.zip_2017-08-13~2018-08-20.psf" MD5="39932FA7BEE49D7CEFA2658D6C784B52" Type="PA30" Base="965B10B829F5796356AFD110F874DA28"/>
				<Delta Size="34096" URL="Config_Languages_zh-Hant.zip_2017-08-20~2018-08-20.psf" MD5="35AFB42BE27D489F3C68EF747576D82D" Type="PA30" Base="50880E0A8AE62ACF412D72593D2C8E6D"/>
				<Delta Size="34239" URL="Config_Languages_zh-Hant.zip_2017-08-26~2018-08-20.psf" MD5="1DC638864E4D7DC87157D95E7F98846F" Type="PA30" Base="9A5A547A51E7FDCCF41FBA1E496F80FD"/>
				<Delta Size="33892" URL="Config_Languages_zh-Hant.zip_2017-08-28~2018-08-20.psf" MD5="D03938D045227F23CFED656542CCDF30" Type="PA30" Base="EAD8324CA9A83709CB5DA116FDC215D7"/>
				<Delta Size="33209" URL="Config_Languages_zh-Hant.zip_2017-09-26~2018-08-20.psf" MD5="57D9EE79330542F86B23EA52D9E2013C" Type="PA30" Base="AC68B2BBBA028EA3B44FCFF023E67CAF"/>
				<Delta Size="33831" URL="Config_Languages_zh-Hant.zip_2017-10-15~2018-08-20.psf" MD5="53E18305273AEE8E8194C5C5B780789E" Type="PA30" Base="029E80FD7EF7BDB0079474C77FB7252A"/>
				<Delta Size="31824" URL="Config_Languages_zh-Hant.zip_2017-10-20~2018-08-20.psf" MD5="C2FA0EB49A073C61D323E8AEE54ED7C1" Type="PA30" Base="09E60404F91F69FE5CE5D7DC0A280DC4"/>
				<Delta Size="31875" URL="Config_Languages_zh-Hant.zip_2017-11-05~2018-08-20.psf" MD5="F42C5BBB82CAB7025CC88C738BC4790C" Type="PA30" Base="9BC44CE384637E7510EF1E3605ED01D6"/>
				<Delta Size="30845" URL="Config_Languages_zh-Hant.zip_2017-12-25~2018-08-20.psf" MD5="2B84E3FBE9503E4B703E3CA658998270" Type="PA30" Base="BA4F873D38597D97C5B28DDB086C7451"/>
				<Delta Size="29772" URL="Config_Languages_zh-Hant.zip_2018-03-28~2018-08-20.psf" MD5="96BAF084F5D8D22483629E3407196924" Type="PA30" Base="66F11973DF704E79F22759E85AB934A4"/>
				<Delta Size="17871" URL="Config_Languages_zh-Hant.zip_2018-05-31~2018-08-20.psf" MD5="2BD81795EF041B7DE27E7CEBF2280828" Type="PA30" Base="1CBF7A181154D6C0A445B5F50C57370C"/>
				<Delta Size="34814" URL="Config_Languages_zh-Hant.zip_2018-08-20..zip" MD5="5A8205E3727E8F3432DDE30103CDE9E4" Type="RAW"/>
			</Version>
		</zh-hant>
	</Languages>
	<WSUS Path="Config\wsusscn2.cab">
		<Version MD5="c3a5cebadc2c422040f511f688e85b06">
			<Delta Size="30025528" URL="wsusscn2_c3a5cebadc2c422040f511f688e85b06.cab" MD5="c3a5cebadc2c422040f511f688e85b06" Type="RAW"/>
		</Version>
	</WSUS>
	<Report>
		<UpdateReport>http://web1612151818153.bj01.bdysite.com/chuyu-analysis/client_update.php</UpdateReport>
		<CrashReport>http://web1612151818153.bj01.bdysite.com/chuyu-analysis/crash_report.php</CrashReport>
		<MinReport>A000100150001</MinReport>
		<Key>ynNMAs1BjAjE8WVY+ay9xA==</Key>
	</Report>
</UpdateInfo>

